axis_id,threshold_method,ert_threshold,silhouette,balance,coherence,n_I,n_II,n_III,n_IV,n_total,n_empty_quads,has_all_quads,composite
cma__species_site_znorm,mean,-2.337311630789803e-17,0.5173862188543067,0.9098727746466464,1,18,24,8,7,57,0,TRUE,0.8085533702606689
cma__species_site_znorm,otsu,-0.012634108552818261,0.5173862188543067,0.9098727746466464,1,18,24,8,7,57,0,TRUE,0.8085533702606689
cma__species_site_znorm,gmm,-0.13446264820829495,0.5173862188543067,0.9098727746466464,1,18,24,8,7,57,0,TRUE,0.8085533702606689
abs_cma__species_site_znorm,mean,-2.337311630789803e-17,0.5173862188543067,0.9098727746466464,1,18,24,8,7,57,0,TRUE,0.8085533702606689
abs_cma__species_site_znorm,otsu,-0.012634108552818261,0.5173862188543067,0.9098727746466464,1,18,24,8,7,57,0,TRUE,0.8085533702606689
abs_cma__species_site_znorm,gmm,-0.13446264820829495,0.5173862188543067,0.9098727746466464,1,18,24,8,7,57,0,TRUE,0.8085533702606689
cv_x_absradgrad__product_species_znorm,mean,-9.641410477007939e-17,0.5105990832778278,0.9022136644250758,1,25,17,9,6,57,0,TRUE,0.8042630952535087
cv_x_absradgrad__product_species_znorm,otsu,-0.019065710058954258,0.5105990832778278,0.9022136644250758,1,25,17,9,6,57,0,TRUE,0.8042630952535087
cv_x_absradgrad__product_species_znorm,median,-0.1734718598028038,0.5023835081922919,0.9095007284679221,1,23,19,9,6,57,0,TRUE,0.8032094099842826
cma__species_znorm,mean,1.0907454277019081e-16,0.5029335389826842,0.9056138009417821,1,17,25,8,7,57,0,TRUE,0.802430188879385
cma__species_znorm,otsu,-0.09770879979129825,0.5029335389826842,0.9056138009417821,1,17,25,8,7,57,0,TRUE,0.802430188879385
cma__species_znorm,gmm,-0.1325820077844242,0.5029335389826842,0.9056138009417821,1,17,25,8,7,57,0,TRUE,0.802430188879385
abs_cma__species_znorm,mean,1.0907454277019081e-16,0.5029335389826842,0.9056138009417821,1,17,25,8,7,57,0,TRUE,0.802430188879385
abs_cma__species_znorm,otsu,-0.09770879979129825,0.5029335389826842,0.9056138009417821,1,17,25,8,7,57,0,TRUE,0.802430188879385
abs_cma__species_znorm,gmm,-0.1325820077844242,0.5029335389826842,0.9056138009417821,1,17,25,8,7,57,0,TRUE,0.802430188879385
gini_x_absradgrad__product_species_znorm,median,-0.20629986569475275,0.49660475661940834,0.9095007284679221,1,23,19,9,6,57,0,TRUE,0.8011868469337734
gini_x_negmean__product_species_znorm,otsu,-0.05792568607107603,0.49835627546371747,0.9049866458541396,1,21,21,10,5,57,0,TRUE,0.800671357875836
gini_x_negmean__product_species_znorm,gmm,-0.08116047240106827,0.49835627546371747,0.9049866458541396,1,21,21,10,5,57,0,TRUE,0.800671357875836
cma__raw,mean,0.2601473684210526,0.4907411915445611,0.9147121828528005,1,20,22,8,7,57,0,TRUE,0.8004374627537965
abs_cma__raw,mean,0.2601473684210526,0.4907411915445611,0.9147121828528005,1,20,22,8,7,57,0,TRUE,0.8004374627537965
cma__lutz_global,mean,0.0026140350877192973,0.4907411915445611,0.9147121828528005,1,20,22,8,7,57,0,TRUE,0.8004374627537965
abs_cma__lutz_global,mean,0.0026140350877192973,0.4907411915445611,0.9147121828528005,1,20,22,8,7,57,0,TRUE,0.8004374627537965
cma__raw,otsu,0.24958000000000008,0.4939908825775731,0.9098727746466464,1,18,24,8,7,57,0,TRUE,0.8003650025638122
abs_cma__raw,otsu,0.24958000000000008,0.4939908825775731,0.9098727746466464,1,18,24,8,7,57,0,TRUE,0.8003650025638122
cma__lutz_global,otsu,-0.007953333333333257,0.4939908825775731,0.9098727746466464,1,18,24,8,7,57,0,TRUE,0.8003650025638122
abs_cma__lutz_global,otsu,-0.007953333333333257,0.4939908825775731,0.9098727746466464,1,18,24,8,7,57,0,TRUE,0.8003650025638122
gini_x_negmean__product_species_znorm,mean,-4.0902953538821554e-17,0.49663232705560933,0.9043837883887023,1,22,20,10,5,57,0,TRUE,0.7999172615666388
gini_x_absradgrad__product_species_znorm,mean,-2.337311630789803e-17,0.4910847887827513,0.9098727746466464,1,24,18,8,7,57,0,TRUE,0.79934786973562455
entropy__species_site_znorm,mean,1.0732155904709846e-15,0.504307073945369,0.8897752343193986,1,16,26,5,10,57,0,TRUE,0.7989512844607288
cma__species_znorm,median,0.13314482285176266,0.48447212512765286,0.9147121828528005,1,22,20,8,7,57,0,TRUE,0.7982432895078786
abs_cma__species_znorm,median,0.13314482285176266,0.48447212512765286,0.9147121828528005,1,22,20,8,7,57,0,TRUE,0.7982432895078786
neg_median__species_site_znorm,mean,7.304098846218136e-17,0.4999577098225095,0.8918283794529875,1,23,19,11,4,57,0,TRUE,0.7979422933011252
neg_median__species_site_znorm,otsu,0.14768440087867127,0.4999577098225095,0.8918283794529875,1,23,19,11,4,57,0,TRUE,0.7979422933011252
neg_median__species_site_znorm,gmm,-0.10742710963955804,0.4999577098225095,0.8918283794529875,1,23,19,11,4,57,0,TRUE,0.7979422933011252
median__species_site_znorm,mean,-7.304098846218136e-17,0.4999577098225095,0.8918283794529875,1,19,23,4,11,57,0,TRUE,0.7979422933011252
median__species_site_znorm,otsu,-0.14768440087867127,0.4999577098225095,0.8918283794529875,1,19,23,4,11,57,0,TRUE,0.7979422933011252
median__species_site_znorm,gmm,0.10789662077114354,0.4999577098225095,0.8918283794529875,1,19,23,4,11,57,0,TRUE,0.7979422933011252
cma__raw,gmm,0.28712887208411136,0.4829178471800814,0.9153150403182377,1,21,21,8,7,57,0,TRUE,0.7978500065925879
abs_cma__raw,gmm,0.28712887208411136,0.4829178471800814,0.9153150403182377,1,21,21,8,7,57,0,TRUE,0.7978500065925879
cma__lutz_global,gmm,0.029595538750777903,0.4829178471800814,0.9153150403182377,1,21,21,8,7,57,0,TRUE,0.7978500065925879
abs_cma__lutz_global,gmm,0.029595538750777903,0.4829178471800814,0.9153150403182377,1,21,21,8,7,57,0,TRUE,0.7978500065925879
gini_x_abscma__product_species_znorm,mean,8.570142646229278e-17,0.4890657679563818,0.9064726381299401,1,24,18,9,6,57,0,TRUE,0.7977911783172186
gini_x_abscma__product_species_znorm,otsu,0.04709880336858955,0.4912617139657507,0.9022136644250758,1,25,17,9,6,57,0,TRUE,0.7974950159942816
sd__species_znorm,otsu,0.1358998325513574,0.48896344516616785,0.9043837883887023,1,22,20,5,10,57,0,TRUE,0.7972331529053344
sd__species_znorm,gmm,0.1390215303794488,0.48896344516616785,0.9043837883887023,1,22,20,5,10,57,0,TRUE,0.7972331529053344
cv_x_negmean__product_species_znorm,otsu,-0.13599175562468915,0.48893630400335697,0.9043837883887023,1,20,22,10,5,57,0,TRUE,0.7972236534983504
cv_x_negmean__product_species_znorm,gmm,-0.13918025106010667,0.48893630400335697,0.9043837883887023,1,20,22,10,5,57,0,TRUE,0.7972236534983504
sd__species_znorm,mean,-3.311191476952221e-17,0.48663760164985437,0.9043837883887023,1,20,22,5,10,57,0,TRUE,0.7964191076746245
cv_x_negmean__product_species_znorm,mean,1.0907454277019081e-16,0.48659825414950963,0.9043837883887023,1,22,20,10,5,57,0,TRUE,0.7964053360495039
gini_x_abscma__product_species_znorm,median,-0.10664566464263307,0.48201665317302905,0.9095007284679221,1,23,19,9,6,57,0,TRUE,0.7960810107275407
neg_mean__species_site_znorm,gmm,-0.1024728155554474,0.4923458039446201,0.8942425547865971,1,21,21,11,4,57,0,TRUE,0.7958816700772663
mean__species_site_znorm,gmm,0.10266535990025849,0.4923458039446201,0.8942425547865971,1,21,21,4,11,57,0,TRUE,0.7958816700772663
PC3__pca_raw,gmm,-0.30162847559175326,0.48202381909266123,0.9064726381299401,1,18,24,9,6,57,0,TRUE,0.7953264962149164
gini_x_absradgrad__product_species_znorm,otsu,0.126231483680306,0.4865330457299749,0.900103628783497,1,26,16,8,7,57,0,TRUE,0.7953124732013654
cma__lutz_species_site,mean,-0.010002429685324424,0.4794252243923747,0.9098727746466464,1,18,24,8,7,57,0,TRUE,0.7952670221989927
cma__lutz_species_site,otsu,-0.013576285714285602,0.4794252243923747,0.9098727746466464,1,18,24,8,7,57,0,TRUE,0.7952670221989927
abs_cma__lutz_species_site,mean,-0.010002429685324424,0.4794252243923747,0.9098727746466464,1,18,24,8,7,57,0,TRUE,0.7952670221989927
abs_cma__lutz_species_site,otsu,-0.013576285714285602,0.4794252243923747,0.9098727746466464,1,18,24,8,7,57,0,TRUE,0.7952670221989927
cv_x_abscma__product_species_znorm,mean,0,0.4848410063698572,0.9022136644250758,1,25,17,9,6,57,0,TRUE,0.795247768335719
cma__site_znorm,otsu,-0.28725361376743697,0.4993473373862257,0.8818133689795014,1,14,28,9,6,57,0,TRUE,0.7952249103300543
cma__site_znorm,gmm,-0.2790498529476989,0.4993473373862257,0.8818133689795014,1,14,28,9,6,57,0,TRUE,0.7952249103300543
abs_cma__site_znorm,otsu,-0.28725361376743697,0.4993473373862257,0.8818133689795014,1,14,28,9,6,57,0,TRUE,0.7952249103300543
abs_cma__site_znorm,gmm,-0.2790498529476989,0.4993473373862257,0.8818133689795014,1,14,28,9,6,57,0,TRUE,0.7952249103300543
sd__species_znorm,median,-0.07989999612677089,0.47589218177261156,0.9113120463360942,1,20,22,6,9,57,0,TRUE,0.7943902752044375
cma__raw,median,0.296,0.4733947935718264,0.9147121828528005,1,22,20,8,7,57,0,TRUE,0.7943662234633393
abs_cma__raw,median,0.296,0.4733947935718264,0.9147121828528005,1,22,20,8,7,57,0,TRUE,0.7943662234633393
cma__lutz_global,median,0.03846666666666665,0.4733947935718264,0.9147121828528005,1,22,20,8,7,57,0,TRUE,0.7943662234633393
abs_cma__lutz_global,median,0.03846666666666665,0.4733947935718264,0.9147121828528005,1,22,20,8,7,57,0,TRUE,0.7943662234633393
cma__species_site_znorm,median,0.19828423922476993,0.4731430331131772,0.9147121828528005,1,22,20,8,7,57,0,TRUE,0.7942781073028121
abs_cma__species_site_znorm,median,0.19828423922476993,0.4731430331131772,0.9147121828528005,1,22,20,8,7,57,0,TRUE,0.7942781073028121
neg_mean__species_znorm,otsu,-0.10889306406651432,0.4851392448327249,0.8942425547865971,1,21,21,11,4,57,0,TRUE,0.793359374388103
cv_x_abscma__product_species_znorm,median,-0.15049152023829088,0.47355916473322757,0.9095007284679221,1,23,19,9,6,57,0,TRUE,0.7931208897736101
cv_x_negmean__product_species_znorm,median,0.07961139726322602,0.47348676229046593,0.9095007284679221,1,23,19,9,6,57,0,TRUE,0.7930955489186435
PC3__pca_species_norm,otsu,0.06518535047457374,0.4728076707366846,0.9098727746466464,1,24,18,7,8,57,0,TRUE,0.7929508784195012
PC3__pca_species_norm,gmm,0.0957351286192148,0.4728076707366846,0.9098727746466464,1,24,18,7,8,57,0,TRUE,0.7929508784195012
sd_x_abscma__product_species_znorm,mean,2.337311630789803e-17,0.47140247195959883,0.9113120463360942,1,22,20,9,6,57,0,TRUE,0.792818876769883
gini_x_abscma__product_species_znorm,gmm,0.15981623470025252,0.48489165198412026,0.8899149938380798,1,27,15,9,6,57,0,TRUE,0.792190826653962
gini_x_abscma__product,otsu,0.07299072120000002,0.4758368760556284,0.9022136644250758,1,25,17,9,6,57,0,TRUE,0.7920963227257388
cma__lutz_species,mean,-0.009129975190501505,0.4732723095493006,0.9056138009417821,1,17,25,8,7,57,0,TRUE,0.7920487585777007
abs_cma__lutz_species,mean,-0.009129975190501505,0.4732723095493006,0.9056138009417821,1,17,25,8,7,57,0,TRUE,0.7920487585777007
neg_median__species_znorm,mean,5.843279076974508e-18,0.4831127135867597,0.8918283794529875,1,23,19,11,4,57,0,TRUE,0.7920465446186128
neg_median__species_znorm,otsu,0.08646582909417463,0.4831127135867597,0.8918283794529875,1,23,19,11,4,57,0,TRUE,0.7920465446186128
neg_median__species_znorm,gmm,-0.08956499713753013,0.4831127135867597,0.8918283794529875,1,23,19,11,4,57,0,TRUE,0.7920465446186128
median__species_znorm,mean,-5.843279076974508e-18,0.4831127135867597,0.8918283794529875,1,19,23,4,11,57,0,TRUE,0.7920465446186128
median__species_znorm,otsu,-0.08646582909417463,0.4831127135867597,0.8918283794529875,1,19,23,4,11,57,0,TRUE,0.7920465446186128
median__species_znorm,gmm,0.08824412545190896,0.4831127135867597,0.8918283794529875,1,19,23,4,11,57,0,TRUE,0.7920465446186128
negmean_x_abscma__product,otsu,-99.17969747999996,0.4698047604971663,0.9095007284679221,1,19,23,9,6,57,0,TRUE,0.7918068482909887
cma__lutz_species,otsu,-0.041041212121212096,0.4761802557066975,0.900103628783497,1,16,26,8,7,57,0,TRUE,0.7916889966932183
abs_cma__lutz_species,otsu,-0.041041212121212096,0.4761802557066975,0.900103628783497,1,16,26,8,7,57,0,TRUE,0.7916889966932183
PC3__pca_raw,median,-5.535578480471204e-4,0.46512342083811664,0.9147121828528005,1,22,20,8,7,57,0,TRUE,0.7914712430065409
PC3__pca_raw,mean,2.1814908554038165e-16,0.46512342083811664,0.9147121828528005,1,22,20,8,7,57,0,TRUE,0.7914712430065409
PC3__pca_raw,otsu,-5.535578480471204e-4,0.46512342083811664,0.9147121828528005,1,22,20,8,7,57,0,TRUE,0.7914712430065409
abs_radgrad__species_site_znorm,mean,0,0.4661194052490377,0.9129008649846284,1,23,19,7,8,57,0,TRUE,0.7913670080833203
abs_radgrad__species_site_znorm,otsu,0.04268724101726923,0.4661194052490377,0.9129008649846284,1,23,19,7,8,57,0,TRUE,0.7913670080833203
abs_radgrad__species_site_znorm,gmm,0.15245447991044403,0.4661194052490377,0.9129008649846284,1,23,19,7,8,57,0,TRUE,0.7913670080833203
sd_x_abscma__product,otsu,39.76218159999999,0.4671995800473251,0.9098727746466464,1,18,24,7,8,57,0,TRUE,0.7909880466782253
cv_x_abscma__product_species_znorm,otsu,0.19244128090438903,0.48140123309092486,0.8899149938380798,1,27,15,9,6,57,0,TRUE,0.7909691800413436
cv_x_abscma__product_species_znorm,gmm,0.2569704911345898,0.48140123309092486,0.8899149938380798,1,27,15,9,6,57,0,TRUE,0.7909691800413436
gini_x_abscma__product,mean,0.06923451105263158,0.46843611541248115,0.9064726381299401,1,24,18,9,6,57,0,TRUE,0.7905707999268533
gini_x_abscma__product,median,0.06708772,0.46597612373072,0.9095007284679221,1,23,19,9,6,57,0,TRUE,0.7904668254227325
negmean_x_abscma__product,mean,-93.87482222807017,0.46449223402705464,0.9113120463360942,1,20,22,9,6,57,0,TRUE,0.7904002934934926
neg_mean__species_site_znorm,mean,-5.258951169277057e-17,0.47830493180905115,0.8918283794529875,1,23,19,11,4,57,0,TRUE,0.7903638209964148
neg_mean__species_site_znorm,otsu,0.06108040054390496,0.47830493180905115,0.8918283794529875,1,23,19,11,4,57,0,TRUE,0.7903638209964148
mean__species_site_znorm,mean,5.258951169277057e-17,0.47830493180905115,0.8918283794529875,1,19,23,4,11,57,0,TRUE,0.7903638209964148
mean__species_site_znorm,otsu,-0.06108040054390496,0.47830493180905115,0.8918283794529875,1,19,23,4,11,57,0,TRUE,0.7903638209964148
cma__lutz_species_site,gmm,-0.04933101297080532,0.4764876873682672,0.8933151303547862,1,15,27,8,7,57,0,TRUE,0.79009947316759
abs_cma__lutz_species_site,gmm,-0.04933101297080532,0.4764876873682672,0.8933151303547862,1,15,27,8,7,57,0,TRUE,0.79009947316759
gini_x_absradgrad__product,mean,57.36620212280702,0.4658179157677054,0.9064726381299401,1,24,18,9,6,57,0,TRUE,0.7896544300511819
cv_x_absradgrad__product,median,94.289008,0.47058102146946795,0.899544380182548,1,24,18,10,5,57,0,TRUE,0.7895894525599508
gini_x_negmean__product_species_znorm,median,0.1732003981652102,0.47037127565129794,0.899544380182548,1,24,18,10,5,57,0,TRUE,0.7895160415235912
sd__lutz_species_site,mean,1.3182762461709856,0.4615686629897108,0.9113120463360942,1,22,20,6,9,57,0,TRUE,0.7893770436304223
sd__lutz_species_site,otsu,3.397266666666697,0.4615686629897108,0.9113120463360942,1,22,20,6,9,57,0,TRUE,0.7893770436304223
cma__site_znorm,mean,7.011934892369409e-17,0.46187633345469997,0.9098727746466464,1,18,24,8,7,57,0,TRUE,0.7891249103708066
abs_cma__site_znorm,mean,7.011934892369409e-17,0.46187633345469997,0.9098727746466464,1,18,24,8,7,57,0,TRUE,0.7891249103708066
cv_x_absradgrad__product,mean,105.9850706491228,0.4673132478454404,0.9022136644250758,1,25,17,9,6,57,0,TRUE,0.7891130528521731
abs_radgrad__species_site_znorm,median,-0.062144787690066476,0.45833559459039697,0.9147121828528005,1,22,20,8,7,57,0,TRUE,0.7890955038198391
gini__species_znorm,median,-0.11173117953340199,0.4687752447116034,0.899544380182548,1,24,18,10,5,57,0,TRUE,0.7889574306946981
cma__lutz_species,gmm,-0.0488208673095909,0.4724590083419296,0.8933151303547862,1,15,27,8,7,57,0,TRUE,0.7886894355083719
abs_cma__lutz_species,gmm,-0.0488208673095909,0.4724590083419296,0.8933151303547862,1,15,27,8,7,57,0,TRUE,0.7886894355083719
cv_x_abscma__product,mean,0.12896205210526315,0.46600401420334225,0.9022136644250758,1,25,17,9,6,57,0,TRUE,0.7886548210774388
cv_x_abscma__product,otsu,0.13362200360000007,0.46600401420334225,0.9022136644250758,1,25,17,9,6,57,0,TRUE,0.7886548210774388
cv_x_abscma__product,median,0.12364807000000001,0.46078947405997095,0.9095007284679221,1,23,19,9,6,57,0,TRUE,0.7886514980379703
median__species_site_znorm,median,-0.2415136084333694,0.47538275966402505,0.8888002891150057,1,18,24,4,11,57,0,TRUE,0.7885840381611601
sd__lutz_species,median,-6.023125000000022,0.45590307477057473,0.915315040318238,1,21,21,7,8,57,0,TRUE,0.7883948362492607
sd__raw,otsu,167.2676,0.4572161387594461,0.9129008649846284,1,19,23,7,8,57,0,TRUE,0.7882508648119632
sd__lutz_global,otsu,-3.2264476190476192,0.4572161387594461,0.9129008649846284,1,19,23,7,8,57,0,TRUE,0.7882508648119632
PC2__pca_species_norm,otsu,-0.36512736182016803,0.4696990453123549,0.8952854064776838,1,17,25,10,5,57,0,TRUE,0.7882160174787451
PC2__pca_species_norm,gmm,-0.43498849942278217,0.4696990453123549,0.8952854064776838,1,17,25,10,5,57,0,TRUE,0.7882160174787451
gini_x_absradgrad__product,median,52.5018,0.45926313143681385,0.9095007284679221,1,23,19,9,6,57,0,TRUE,0.7881172781198653
neg_mean__species_znorm,gmm,-0.0577262571363929,0.46999163888754913,0.8936396973211599,1,22,20,11,4,57,0,TRUE,0.7879069979409321
mean__species_znorm,gmm,0.056319384895633484,0.46999163888754913,0.8936396973211599,1,20,22,4,11,57,0,TRUE,0.7879069979409321
neg_mean__lutz_species,otsu,7.965354545454577,0.46996420776908915,0.8936396973211599,1,20,22,11,4,57,0,TRUE,0.7878973970494711
mean__lutz_species,otsu,-7.965354545454577,0.46996420776908915,0.8936396973211599,1,22,20,4,11,57,0,TRUE,0.7878973970494711
entropy__species_site_znorm,otsu,-0.1452258493400496,0.48253008671981895,0.8748851110321093,1,14,28,5,10,57,0,TRUE,0.7876068081099639
sd__raw,mean,170.75666666666666,0.4531285289920682,0.9147121828528005,1,20,22,7,8,57,0,TRUE,0.787273030860424
sd__lutz_global,mean,0.2626190476190496,0.4531285289920682,0.9147121828528005,1,20,22,7,8,57,0,TRUE,0.787273030860424
cv_x_negmean__product,median,-172.04394299999998,0.45310360783797454,0.9147121828528005,1,22,20,8,7,57,0,TRUE,0.7872643084564912
cv_x_negmean__product,mean,-170.7551559122807,0.45310360783797454,0.9147121828528005,1,22,20,8,7,57,0,TRUE,0.7872643084564912
cv_x_negmean__product,otsu,-172.04394299999998,0.45310360783797454,0.9147121828528005,1,22,20,8,7,57,0,TRUE,0.7872643084564912
entropy__species_znorm,mean,-2.118188665403259e-15,0.4833903489553216,0.8722426448231455,1,15,27,4,11,57,0,TRUE,0.7872472833401489
sd__lutz_species,mean,1.357348484848488,0.4546770309357322,0.9113120463360942,1,22,20,6,9,57,0,TRUE,0.7869649724115297
sd__lutz_species,otsu,3.7769515151515494,0.4546770309357322,0.9113120463360942,1,22,20,6,9,57,0,TRUE,0.7869649724115297
sd_x_abscma__product_species_znorm,median,0.01348360513698114,0.4513885968535859,0.9147121828528005,1,22,20,8,7,57,0,TRUE,0.7866640546119552
sd_x_abscma__product_species_znorm,otsu,0.01348360513698114,0.4513885968535859,0.9147121828528005,1,22,20,8,7,57,0,TRUE,0.7866640546119552
neg_median__lutz_species,gmm,20.019737951721403,0.4664021198650889,0.8936396973211599,1,20,22,11,4,57,0,TRUE,0.786650666283071
median__lutz_species,gmm,-20.59747866908353,0.4664021198650889,0.8936396973211599,1,22,20,4,11,57,0,TRUE,0.786650666283071
neg_median__raw,otsu,-392.03,0.46732597455847813,0.8897752343193986,1,16,26,10,5,57,0,TRUE,0.7860078996753169
median__raw,otsu,388.1804000000001,0.46732597455847813,0.8897752343193986,1,26,16,5,10,57,0,TRUE,0.7860078996753169
neg_median__lutz_global,otsu,-15.462142857142794,0.46732597455847813,0.8897752343193986,1,16,26,10,5,57,0,TRUE,0.7860078996753169
median__lutz_global,otsu,11.612542857142884,0.46732597455847813,0.8897752343193986,1,26,16,5,10,57,0,TRUE,0.7860078996753169
sd__site_znorm,median,-0.03201389611893667,0.4485861323171076,0.915315040318238,1,21,21,7,8,57,0,TRUE,0.7858339063905472
sd__site_znorm,mean,1.129700621548405e-16,0.4485861323171076,0.915315040318238,1,21,21,7,8,57,0,TRUE,0.7858339063905472
sd__site_znorm,otsu,-0.03201389611893667,0.4485861323171076,0.915315040318238,1,21,21,7,8,57,0,TRUE,0.7858339063905472
sd__raw,median,172.05,0.4479778932706478,0.915315040318238,1,21,21,7,8,57,0,TRUE,0.7856210227242862
sd__raw,gmm,176.2216314329762,0.4479778932706478,0.915315040318238,1,21,21,7,8,57,0,TRUE,0.7856210227242862
sd__lutz_global,median,1.555952380952391,0.4479778932706478,0.915315040318238,1,21,21,7,8,57,0,TRUE,0.7856210227242862
sd__lutz_global,gmm,5.727583813928582,0.4479778932706478,0.915315040318238,1,21,21,7,8,57,0,TRUE,0.7856210227242862
cv_x_negmean__product,gmm,-176.2100948074397,0.44796108136202445,0.9153150403182377,1,21,21,8,7,57,0,TRUE,0.785615138556268
PC2__pca_raw,mean,-2.6411621427924774e-15,0.44703290046125027,0.9153150403182377,1,21,21,8,7,57,0,TRUE,0.785290275240997
PC3__pca_species_norm,median,-0.031097124812195075,0.4469624416368397,0.915315040318238,1,21,21,7,8,57,0,TRUE,0.7852656146524534
PC3__pca_species_norm,mean,0,0.4469624416368397,0.915315040318238,1,21,21,7,8,57,0,TRUE,0.7852656146524534
gini_x_negmean__product,otsu,-95.18615304000001,0.4470580917242417,0.9147121828528005,1,20,22,8,7,57,0,TRUE,0.7851483778166847
gini_x_negmean__product,gmm,-96.9243483128706,0.4470580917242417,0.9147121828528005,1,20,22,8,7,57,0,TRUE,0.7851483778166847
sd_x_abscma__product,mean,41.369744298245614,0.4472299954690398,0.9129008649846284,1,19,23,7,8,57,0,TRUE,0.784755714660321
mean__species_site_znorm,median,-0.24826681679811477,0.4641683996117563,0.8888002891150057,1,18,24,4,11,57,0,TRUE,0.7846590121428662
entropy__site_znorm,mean,-1.830894110785346e-15,0.4613045802499063,0.8899149938380798,1,15,27,6,9,57,0,TRUE,0.7839353515469871
gini__species_znorm,mean,-6.038055046206992e-17,0.4571831847883692,0.8952854064776838,1,25,17,10,5,57,0,TRUE,0.7838354662953502
entropy__raw,mean,16.707170175438595,0.4610022071593508,0.8899149938380798,1,15,27,6,9,57,0,TRUE,0.7838295209652927
entropy__lutz_global,mean,-0.04669411027568977,0.4610022071593508,0.8899149938380798,1,15,27,6,9,57,0,TRUE,0.7838295209652927
median__species_znorm,median,-0.24715630652661225,0.4617096231736124,0.8888002891150057,1,18,24,4,11,57,0,TRUE,0.7837984403895157
gini_x_negmean__product,mean,-93.72922947368421,0.4425898484687204,0.9153150403182377,1,21,21,8,7,57,0,TRUE,0.7837352070436115
neg_median__raw,gmm,-402.0819607859296,0.4725440402942352,0.8722426448231455,1,15,27,11,4,57,0,TRUE,0.7834510753087687
median__raw,gmm,402.0293131112759,0.4725440402942352,0.8722426448231455,1,27,15,4,11,57,0,TRUE,0.7834510753087687
neg_median__lutz_global,gmm,-25.51410364307234,0.4725440402942352,0.8722426448231455,1,15,27,11,4,57,0,TRUE,0.7834510753087687
median__lutz_global,gmm,25.461455968418804,0.4725440402942352,0.8722426448231455,1,27,15,4,11,57,0,TRUE,0.7834510753087687
radialgradient__species_site_znorm,mean,-3.895519384649672e-17,0.4419656527607761,0.9147121828528005,1,20,22,8,7,57,0,TRUE,0.7833660241794718
neg_radgrad__species_site_znorm,mean,3.895519384649672e-17,0.4419656527607761,0.9147121828528005,1,22,20,7,8,57,0,TRUE,0.7833660241794718
sd__site_znorm,gmm,0.10251595447308537,0.441822203784471,0.9147121828528005,1,22,20,7,8,57,0,TRUE,0.783315817037765
gini_x_negmean__product,median,-93.33941499999999,0.44134096113090715,0.9147121828528005,1,22,20,8,7,57,0,TRUE,0.7831473821090176
negmean_x_abscma__product,median,-83.97415,0.44120655162206524,0.9147121828528005,1,22,20,8,7,57,0,TRUE,0.7831003387809229
negmean_x_abscma__product,gmm,-82.665057300166,0.44120655162206524,0.9147121828528005,1,22,20,8,7,57,0,TRUE,0.7831003387809229
entropy__species_znorm,otsu,-0.07169996206554712,0.4772434939786091,0.864141019964567,1,14,28,4,11,57,0,TRUE,0.7830704778836549
cma__site_znorm,median,0.15457012522322267,0.44067406213688426,0.915315040318238,1,21,21,7,8,57,0,TRUE,0.783064681827469
abs_cma__site_znorm,median,0.15457012522322267,0.44067406213688426,0.915315040318238,1,21,21,7,8,57,0,TRUE,0.783064681827469
neg_mean__lutz_species,gmm,18.77894894407808,0.4555860547791642,0.8942425547865971,1,21,21,11,4,57,0,TRUE,0.7830157578693567
mean__lutz_species,gmm,-18.851523428707814,0.4555860547791642,0.8942425547865971,1,21,21,4,11,57,0,TRUE,0.7830157578693567
neg_radgrad__species_site_znorm,median,-0.1478623498507942,0.4397481452405084,0.915315040318238,1,21,21,7,8,57,0,TRUE,0.7827406109137375
PC2__pca_species_norm,mean,-4.226638532344894e-16,0.4459512044923482,0.9064726381299401,1,18,24,9,6,57,0,TRUE,0.7827010811048069
sd__lutz_species_site,median,-11.085000000000008,0.44210839238428673,0.9113120463360942,1,20,22,6,9,57,0,TRUE,0.7825659489185238
cma__lutz_species,median,0.011483333333333345,0.43924943912558884,0.9147121828528005,1,22,20,8,7,57,0,TRUE,0.7824153494071562
abs_cma__lutz_species,median,0.011483333333333345,0.43924943912558884,0.9147121828528005,1,22,20,8,7,57,0,TRUE,0.7824153494071562
PC2__pca_raw,median,0.04248082417181004,0.4379462022003172,0.9147121828528005,1,22,20,8,7,57,0,TRUE,0.7819592164833111
abs_radgrad__species_znorm,otsu,0.2487695602849608,0.4520075385185179,0.8933151303547862,1,27,15,7,8,57,0,TRUE,0.7815314210701777
entropy__site_znorm,gmm,-0.3208539166219159,0.49345363294624955,0.8352311389579729,1,10,32,6,9,57,0,TRUE,0.7815165562706805
sd__species_site_znorm,otsu,0.05786894389532276,0.4431863705399049,0.9043837883887023,1,22,20,5,10,57,0,TRUE,0.7812111767861422
entropy__raw,gmm,16.639334408661153,0.49234370864209326,0.8352311389579729,1,10,32,6,9,57,0,TRUE,0.7811280827642259
entropy__lutz_global,gmm,-0.1145298770531275,0.49234370864209326,0.8352311389579729,1,10,32,6,9,57,0,TRUE,0.7811280827642259
cma__lutz_species_site,median,0.01834444444444444,0.43487369543017007,0.9147121828528005,1,22,20,8,7,57,0,TRUE,0.7808838391137596
abs_cma__lutz_species_site,median,0.01834444444444444,0.43487369543017007,0.9147121828528005,1,22,20,8,7,57,0,TRUE,0.7808838391137596
neg_mean__species_znorm,mean,1.129700621548405e-16,0.45203395512403766,0.8888002891150057,1,24,18,11,4,57,0,TRUE,0.7804119565721647
mean__species_znorm,median,-0.09760926117779897,0.45203395512403766,0.8888002891150057,1,18,24,4,11,57,0,TRUE,0.7804119565721647
mean__species_znorm,mean,-1.129700621548405e-16,0.45203395512403766,0.8888002891150057,1,18,24,4,11,57,0,TRUE,0.7804119565721647
mean__species_znorm,otsu,-0.09760926117779897,0.45203395512403766,0.8888002891150057,1,18,24,4,11,57,0,TRUE,0.7804119565721647
sd__species_site_znorm,gmm,0.15414623821666268,0.4419006684716933,0.90257247052053,1,23,19,5,10,57,0,TRUE,0.780308351595225
radialgradient__species_site_znorm,median,0.1478623498507942,0.4331634046710563,0.9147121828528005,1,22,20,8,7,57,0,TRUE,0.7802852373480698
PC2__pca_raw,otsu,0.07525765620002253,0.43549443820243067,0.9113120463360942,1,22,20,6,9,57,0,TRUE,0.7802510649548743
neg_radgrad__site_znorm,median,-0.014235891971277885,0.4365315859121409,0.9095007284679221,1,23,19,9,6,57,0,TRUE,0.7801612371862298
entropy__lutz_species,median,-0.03528333333333222,0.48364162508194253,0.8434875596481377,1,16,26,2,13,57,0,TRUE,0.7801464586907143
entropy__lutz_species,otsu,-0.07013399999999734,0.4735340309096494,0.8571488754739606,1,15,27,3,12,57,0,TRUE,0.7800241296868674
cv_x_absradgrad__product,otsu,125.5118844,0.47001538976948914,0.8614856395892377,1,30,12,6,9,57,0,TRUE,0.7798767963166305
sd_x_abscma__product_species_znorm,gmm,0.17716004414956726,0.433287155051523,0.9129008649846284,1,23,19,7,8,57,0,TRUE,0.7798757205141901
sd__species_site_znorm,mean,1.947759692324836e-17,0.4390194410207338,0.9043837883887023,1,20,22,5,10,57,0,TRUE,0.7797527514544323
radialgradient__site_znorm,median,0.014235891971277885,0.43376959224257855,0.9113120463360942,1,20,22,6,9,57,0,TRUE,0.7796473688689259
radialgradient__lutz_global,otsu,-48.08499999999998,0.4670828876142119,0.864141019964567,1,14,28,11,4,57,0,TRUE,0.7795142656561159
neg_radgrad__lutz_global,otsu,48.08499999999998,0.4670828876142119,0.864141019964567,1,28,14,4,11,57,0,TRUE,0.7795142656561159
radialgradient__raw,otsu,-13.939999999999973,0.46708288761421185,0.864141019964567,1,14,28,11,4,57,0,TRUE,0.7795142656561158
neg_radgrad__raw,otsu,13.939999999999973,0.46708288761421185,0.864141019964567,1,28,14,4,11,57,0,TRUE,0.7795142656561158
gini__species_site_znorm,median,-0.04842781131070911,0.45217246363636904,0.8845413154101415,1,25,17,11,4,57,0,TRUE,0.7793956911252645
entropy__lutz_species,mean,-0.057357225766435274,0.48629226154403604,0.8366990612194267,1,15,27,2,13,57,0,TRUE,0.7793770568452693
sd__species_site_znorm,median,-0.08223988055112258,0.43187821446822877,0.9113120463360942,1,20,22,6,9,57,0,TRUE,0.7789853866479036
entropy__species_site_znorm,median,0.14319317346136112,0.4799340920262771,0.8434875596481377,1,16,26,2,13,57,0,TRUE,0.7788488221212314
cv__species_site_znorm,mean,-1.0335299867398662e-16,0.45235585719022375,0.8818133689795014,1,28,14,9,6,57,0,TRUE,0.7787778922614536
neg_median__species_site_znorm,median,0.2415136084333694,0.4503117568439219,0.8845413154101415,1,25,17,11,4,57,0,TRUE,0.778744443747908
radialgradient__site_znorm,mean,2.921639538487254e-17,0.4291560565474892,0.9129008649846284,1,19,23,7,8,57,0,TRUE,0.7784298360377783
neg_radgrad__site_znorm,mean,-2.921639538487254e-17,0.4291560565474892,0.9129008649846283,1,23,19,8,7,57,0,TRUE,0.7784298360377783
entropy__species_znorm,median,0.07291909777898706,0.4787064867120789,0.8434875596481377,1,16,26,2,13,57,0,TRUE,0.778419160261262
abs_radgrad__site_znorm,otsu,0.18304302652753526,0.44208951119620665,0.8933151303547862,1,27,15,7,8,57,0,TRUE,0.7780601115073688
radialgradient__raw,mean,55.52789473684212,0.4473407453170956,0.8845413154101415,1,17,25,11,4,57,0,TRUE,0.7777045897135189
neg_radgrad__raw,mean,-55.52789473684212,0.4473407453170956,0.8845413154101415,1,25,17,4,11,57,0,TRUE,0.7777045897135189
radialgradient__lutz_global,mean,21.382894736842104,0.4473407453170956,0.8845413154101415,1,17,25,11,4,57,0,TRUE,0.7777045897135189
neg_radgrad__lutz_global,mean,-21.382894736842104,0.4473407453170956,0.8845413154101415,1,25,17,4,11,57,0,TRUE,0.7777045897135189
abs_radgrad__species_znorm,mean,1.0225738384705389e-16,0.4287204890902182,0.9098727746466464,1,24,18,7,8,57,0,TRUE,0.7775203648432379
radialgradient__species_site_znorm,otsu,-0.21662625734316204,0.43321064692318495,0.9022136644250758,1,17,25,9,6,57,0,TRUE,0.7771771425293836
radialgradient__species_site_znorm,gmm,-0.23670366262343867,0.43321064692318495,0.9022136644250758,1,17,25,9,6,57,0,TRUE,0.7771771425293836
neg_radgrad__species_site_znorm,otsu,0.21662625734316254,0.43321064692318495,0.9022136644250758,1,25,17,6,9,57,0,TRUE,0.7771771425293836
neg_radgrad__species_site_znorm,gmm,0.23611972224793054,0.43321064692318495,0.9022136644250758,1,25,17,6,9,57,0,TRUE,0.7771771425293836
abs_radgrad__raw,mean,199.46684210526317,0.42357947995278933,0.9129008649846284,1,23,19,7,8,57,0,TRUE,0.7764780342296334
abs_radgrad__lutz_global,mean,-0.7848245614035027,0.42357947995278933,0.9129008649846284,1,23,19,7,8,57,0,TRUE,0.7764780342296334
abs_radgrad__raw,otsu,232.59000000000006,0.44285367736599046,0.8852135054962077,1,28,14,7,8,57,0,TRUE,0.7763021634521485
abs_radgrad__lutz_global,otsu,32.33833333333339,0.44285367736599046,0.8852135054962077,1,28,14,7,8,57,0,TRUE,0.7763021634521485
entropy__site_znorm,otsu,-0.40880859634319944,0.4891421835381864,0.8196605248971294,1,9,33,6,9,57,0,TRUE,0.7761148954626474
entropy__raw,otsu,16.625116,0.48891678960679963,0.8196605248971294,1,9,33,6,9,57,0,TRUE,0.7760360075866622
entropy__lutz_global,otsu,-0.12874828571428687,0.4889167896067997,0.8196605248971294,1,9,33,6,9,57,0,TRUE,0.7760360075866622
neg_mean__raw,otsu,-398.75199999999995,0.43092431682807086,0.899544380182548,1,18,24,10,5,57,0,TRUE,0.7757096059354617
mean__raw,otsu,398.75200000000007,0.43092431682807086,0.899544380182548,1,24,18,5,10,57,0,TRUE,0.7757096059354617
neg_mean__lutz_global,otsu,-5.6008095238094615,0.4309243168280708,0.899544380182548,1,18,24,10,5,57,0,TRUE,0.7757096059354617
mean__lutz_global,otsu,5.6008095238095335,0.4309243168280708,0.899544380182548,1,24,18,5,10,57,0,TRUE,0.7757096059354617
radialgradient__raw,gmm,-50.68343790541927,0.4731942101438143,0.8395888430003434,1,13,29,12,3,57,0,TRUE,0.7755151843004208
neg_radgrad__raw,gmm,50.40432312032428,0.4731942101438143,0.8395888430003435,1,29,13,3,12,57,0,TRUE,0.7755151843004208
radialgradient__lutz_global,gmm,-84.82843790541915,0.47319421014381435,0.8395888430003434,1,13,29,12,3,57,0,TRUE,0.7755151843004208
neg_radgrad__lutz_global,gmm,84.54932312032429,0.47319421014381435,0.8395888430003435,1,29,13,3,12,57,0,TRUE,0.7755151843004208
radialgradient__species_znorm,otsu,0.108861530717874,0.42590153934049196,0.9056138009417821,1,25,17,8,7,57,0,TRUE,0.7754689890046177
neg_radgrad__species_znorm,otsu,-0.10886153071787359,0.42590153934049196,0.9056138009417821,1,17,25,7,8,57,0,TRUE,0.7754689890046177
neg_mean__lutz_species_site,otsu,34.966342857142884,0.4361761963578174,0.8897752343193986,1,26,16,10,5,57,0,TRUE,0.7751054773050857
neg_mean__lutz_species_site,gmm,42.78341269209118,0.4361761963578174,0.8897752343193986,1,26,16,10,5,57,0,TRUE,0.7751054773050857
mean__lutz_species_site,otsu,-34.966342857142884,0.4361761963578174,0.8897752343193986,1,16,26,5,10,57,0,TRUE,0.7751054773050857
mean__lutz_species_site,gmm,-43.02774388428937,0.4361761963578174,0.8897752343193986,1,16,26,5,10,57,0,TRUE,0.7751054773050857
neg_mean__species_site_znorm,median,0.24826681679811477,0.4394427003510355,0.8845413154101415,1,25,17,11,4,57,0,TRUE,0.7749402739753978
entropy__lutz_species_site,mean,-0.05776316485658597,0.4585441694004227,0.8571488754739606,1,15,27,3,12,57,0,TRUE,0.7747776781586381
gini__species_site_znorm,mean,-1.081006629240284e-16,0.4424871330058374,0.8790311432518564,1,26,16,11,4,57,0,TRUE,0.7746282823650071
abs_radgrad__site_znorm,mean,4.041601361574035e-17,0.4200118326332113,0.9098727746466464,1,24,18,7,8,57,0,TRUE,0.7744723350832855
entropy__lutz_species_site,median,-0.03528333333333222,0.4668064035816205,0.8434875596481377,1,16,26,2,13,57,0,TRUE,0.7742541311656016
neg_mean__lutz_species,mean,27.553251373382945,0.43173845994974863,0.8918283794529875,1,23,19,11,4,57,0,TRUE,0.7740655558456588
mean__lutz_species,mean,-27.553251373382945,0.43173845994974863,0.8918283794529875,1,19,23,4,11,57,0,TRUE,0.7740655558456588
negmean_x_abscma__product_species_znorm,median,0.09841553513926289,0.4253999798628305,0.899544380182548,1,24,18,10,5,57,0,TRUE,0.7737760879976276
neg_median__lutz_species,mean,32.681536416799574,0.430572770912785,0.8918283794529875,1,23,19,11,4,57,0,TRUE,0.7736575646827216
neg_median__lutz_species,otsu,20.80166666666662,0.430572770912785,0.8918283794529875,1,23,19,11,4,57,0,TRUE,0.7736575646827216
median__lutz_species,mean,-32.681536416799574,0.430572770912785,0.8918283794529875,1,19,23,4,11,57,0,TRUE,0.7736575646827216
median__lutz_species,otsu,-38.82899999999999,0.430572770912785,0.8918283794529875,1,19,23,4,11,57,0,TRUE,0.7736575646827216
neg_mean__species_znorm,median,0.09760926117779897,0.4357258051574712,0.8845413154101415,1,25,17,11,4,57,0,TRUE,0.7736393606576503
cv__species_znorm,median,-0.13617288621775026,0.4353170570438935,0.8845413154101415,1,25,17,11,4,57,0,TRUE,0.773496298817898
abs_radgrad__species_znorm,q75,0.4681235923689908,0.49314763787014665,0.8022973174348332,1,34,8,6,9,57,0,TRUE,0.7731760026132596
abs_radgrad__lutz_species,otsu,11.420363636363595,0.4189564275375662,0.9056138009417821,1,25,17,7,8,57,0,TRUE,0.7730381998735937
abs_radgrad__raw,median,180.35,0.4116102522928901,0.915315040318238,1,21,21,7,8,57,0,TRUE,0.772892348382071
abs_radgrad__lutz_global,median,-19.90166666666667,0.4116102522928901,0.915315040318238,1,21,21,7,8,57,0,TRUE,0.772892348382071
neg_median__site_znorm,otsu,-0.24555889848270443,0.4527117791865764,0.8571488754739607,1,15,27,12,3,57,0,TRUE,0.7727363415837919
neg_median__site_znorm,gmm,-0.4040267172858376,0.4527117791865764,0.8571488754739607,1,15,27,12,3,57,0,TRUE,0.7727363415837919
median__site_znorm,otsu,0.24555889848270443,0.4527117791865764,0.8571488754739606,1,27,15,3,12,57,0,TRUE,0.7727363415837918
median__site_znorm,gmm,0.40370041147043595,0.4527117791865764,0.8571488754739606,1,27,15,3,12,57,0,TRUE,0.7727363415837918
entropy__raw,median,16.7517,0.4298871347221793,0.8888002891150057,1,18,24,4,11,57,0,TRUE,0.7726605694315142
entropy__lutz_global,median,-0.002164285714286507,0.4298871347221793,0.8888002891150057,1,18,24,4,11,57,0,TRUE,0.7726605694315142
sd_x_abscma__product,median,43.515428,0.4107630358353462,0.915315040318238,1,21,21,7,8,57,0,TRUE,0.7725958226219306
abs_radgrad__lutz_species,mean,-1.8524787347155791,0.41046368590163274,0.9147121828528005,1,22,20,7,8,57,0,TRUE,0.7723403357787716
PC2__pca_species_norm,median,0.1814606211865443,0.4094527156125487,0.915315040318238,1,21,21,7,8,57,0,TRUE,0.7721372105439516
entropy__site_znorm,median,0.21102861785116941,0.42822335108237924,0.8888002891150057,1,18,24,4,11,57,0,TRUE,0.7720782451575842
abs_radgrad__lutz_species,median,-20.97312500000001,0.4082460724686966,0.915315040318238,1,21,21,7,8,57,0,TRUE,0.7717148854436032
cv__species_site_znorm,median,-0.1967195037418832,0.4298272486507818,0.8845413154101415,1,25,17,11,4,57,0,TRUE,0.771574865880309
neg_mean__site_znorm,gmm,-0.15983156478001617,0.4165592848901724,0.899544380182548,1,18,24,10,5,57,0,TRUE,0.7706818447571974
mean__site_znorm,gmm,0.16072719501644683,0.4165592848901724,0.899544380182548,1,24,18,5,10,57,0,TRUE,0.7706818447571974
mean__lutz_species_site,median,-21.849999999999994,0.42409781814023695,0.8888002891150057,1,18,24,4,11,57,0,TRUE,0.7706343086278343
abs_radgrad__lutz_species_site,mean,-1.3721303258145359,0.4068528686525355,0.9129008649846284,1,23,19,7,8,57,0,TRUE,0.7706237202745445
abs_radgrad__lutz_species_site,otsu,-2.4530666666666425,0.4068528686525355,0.9129008649846284,1,23,19,7,8,57,0,TRUE,0.7706237202745445
radialgradient__species_znorm,median,-0.05407510026836533,0.40531559457743965,0.9147121828528005,1,22,20,8,7,57,0,TRUE,0.770538503815304
radialgradient__species_znorm,mean,1.5582077538598687e-17,0.40531559457743965,0.9147121828528005,1,22,20,8,7,57,0,TRUE,0.770538503815304
neg_radgrad__species_znorm,mean,-1.5582077538598687e-17,0.40531559457743965,0.9147121828528005,1,20,22,7,8,57,0,TRUE,0.770538503815304
cv__lutz_species_site,mean,0.06548553327763854,0.4471887322759528,0.8545573816418457,1,30,12,10,5,57,0,TRUE,0.7701554017070448
gini__raw,mean,0.27737368421052633,0.4148261919014255,0.8967034922667907,1,26,16,9,6,57,0,TRUE,0.7693650402321967
gini__lutz_global,mean,0.018235588972431088,0.41482619190142545,0.8967034922667907,1,26,16,9,6,57,0,TRUE,0.7693650402321965
mean__lutz_species,median,-43.25818181818181,0.41963473945646973,0.8888002891150057,1,18,24,4,11,57,0,TRUE,0.7690722310885157
neg_mean__lutz_species_site,median,21.849999999999994,0.42177549337724574,0.8845413154101415,1,25,17,11,4,57,0,TRUE,0.7687567515345713
abs_radgrad__species_znorm,median,-0.10983167128568468,0.39948651534649177,0.915315040318238,1,21,21,7,8,57,0,TRUE,0.7686490404508316
negmean_x_abscma__product_species_znorm,mean,1.5582077538598687e-17,0.4159249289460581,0.8918283794529875,1,23,19,11,4,57,0,TRUE,0.7685308199943671
negmean_x_abscma__product_species_znorm,otsu,0.011555395039532956,0.4159249289460581,0.8918283794529875,1,23,19,11,4,57,0,TRUE,0.7685308199943671
negmean_x_abscma__product_species_znorm,gmm,-0.0388762143392935,0.4159249289460581,0.8918283794529875,1,23,19,11,4,57,0,TRUE,0.7685308199943671
neg_radgrad__species_znorm,median,0.05407510026836533,0.39846299264674145,0.915315040318238,1,21,21,7,8,57,0,TRUE,0.768290807505919
neg_mean__site_znorm,otsu,-0.0994925704976969,0.4046760796840512,0.90257247052053,1,19,23,10,5,57,0,TRUE,0.7672797455195505
mean__site_znorm,otsu,0.0994925704976969,0.4046760796840512,0.90257247052053,1,23,19,5,10,57,0,TRUE,0.7672797455195505
neg_mean__lutz_species_site,mean,31.057171400724034,0.4211191766827785,0.8790311432518564,1,26,16,11,4,57,0,TRUE,0.7671494976519365
mean__lutz_species_site,mean,-31.057171400724034,0.4211191766827785,0.8790311432518564,1,16,26,4,11,57,0,TRUE,0.7671494976519365
cv__raw,median,0.4765,0.3992948773948668,0.9095007284679221,1,23,19,9,6,57,0,TRUE,0.7671283892051839
cv__lutz_global,median,0.005814285714285716,0.3992948773948668,0.9095007284679221,1,23,19,9,6,57,0,TRUE,0.7671283892051839
PC4__pca_species_norm,otsu,0.10649480506776328,0.40437087044324993,0.9022136644250758,1,25,17,6,9,57,0,TRUE,0.7670832207614063
median__lutz_species,median,-54.983750000000015,0.4131933721429506,0.8888002891150057,1,18,24,4,11,57,0,TRUE,0.7668177525287841
radialgradient__lutz_species,otsu,8.522363636363622,0.39592390464567945,0.9129008649846283,1,23,19,8,7,57,0,TRUE,0.7667985828721449
neg_radgrad__lutz_species,otsu,-8.522363636363622,0.39592390464567945,0.9129008649846284,1,19,23,7,8,57,0,TRUE,0.7667985828721449
PC1__pca_raw,otsu,-0.5041537731784027,0.4222669824996805,0.875755097881169,1,13,29,7,8,57,0,TRUE,0.7667322183451805
neg_mean__raw,gmm,-381.34009207516306,0.4016606754363726,0.9043837883887023,1,20,22,10,5,57,0,TRUE,0.7666771834999059
mean__raw,gmm,379.6786359011693,0.4016606754363726,0.9043837883887023,1,22,20,5,10,57,0,TRUE,0.7666771834999059
neg_mean__lutz_global,gmm,11.811098401027394,0.40166067543637257,0.9043837883887023,1,20,22,10,5,57,0,TRUE,0.7666771834999059
mean__lutz_global,gmm,-13.472554575021547,0.40166067543637257,0.9043837883887023,1,22,20,5,10,57,0,TRUE,0.7666771834999059
abs_radgrad__lutz_species,q75,57.66,0.47385233688034123,0.8022973174348332,1,34,8,6,9,57,0,TRUE,0.7664226472668277
abs_radgrad__site_znorm,median,-0.14257047629783495,0.3925564234191761,0.915315040318238,1,21,21,7,8,57,0,TRUE,0.7662235082762711
cv_x_absradgrad__product_species_znorm,q75,0.5377849754354703,0.4657205623724361,0.8127322669497373,1,33,9,5,10,57,0,TRUE,0.7661852635677869
abs_radgrad__site_znorm,q75,0.4577335031500812,0.46563790547325873,0.8127322669497373,1,33,9,5,10,57,0,TRUE,0.7661563336530749
cv__raw,mean,0.5232736842105263,0.41525034892846946,0.8818133689795014,1,28,14,9,6,57,0,TRUE,0.7657909643698396
cv__lutz_global,mean,0.05258796992481205,0.41525034892846946,0.8818133689795014,1,28,14,9,6,57,0,TRUE,0.7657909643698396
cv_x_abscma__product,gmm,0.07343610791027075,0.417037762726799,0.8790311432518564,1,16,26,11,4,57,0,TRUE,0.7657210027673437
abs_radgrad__lutz_species_site,median,-11.607142857142861,0.3907446286281357,0.915315040318238,1,21,21,7,8,57,0,TRUE,0.765589380099407
neg_radgrad__raw,q75,70.92,0.46709085388693256,0.8082697069705846,1,30,12,2,13,57,0,TRUE,0.7655492256030726
neg_radgrad__lutz_global,q75,105.065,0.46709085388693256,0.8082697069705846,1,30,12,2,13,57,0,TRUE,0.7655492256030726
radialgradient__lutz_species_site,mean,0.5170258980785225,0.39055745430115374,0.9153150403182377,1,21,21,8,7,57,0,TRUE,0.7655238690849632
neg_radgrad__lutz_species_site,median,-10.129999999999995,0.39055745430115374,0.915315040318238,1,21,21,7,8,57,0,TRUE,0.7655238690849632
neg_radgrad__lutz_species_site,mean,-0.5170258980785225,0.39055745430115374,0.915315040318238,1,21,21,7,8,57,0,TRUE,0.7655238690849632
neg_radgrad__lutz_species_site,otsu,-10.129999999999995,0.39055745430115374,0.915315040318238,1,21,21,7,8,57,0,TRUE,0.7655238690849632
radialgradient__lutz_species_site,median,10.129999999999995,0.39010975337715775,0.9147121828528005,1,22,20,8,7,57,0,TRUE,0.7652164593952053
radialgradient__lutz_species,median,-0.9136363636363853,0.3893176917446677,0.9147121828528005,1,22,20,8,7,57,0,TRUE,0.7649392378238338
radialgradient__lutz_species,mean,3.6337883218146465,0.3893176917446677,0.9147121828528005,1,22,20,8,7,57,0,TRUE,0.7649392378238338
neg_radgrad__lutz_species,mean,-3.6337883218146465,0.3893176917446677,0.9147121828528005,1,20,22,7,8,57,0,TRUE,0.7649392378238338
cv_x_absradgrad__product,q75,143.085306,0.45804642165652043,0.8175587899430385,1,32,10,4,11,57,0,TRUE,0.7647059450655417
gini_x_abscma__product,gmm,0.03942663036999524,0.4185191485781713,0.8722426448231455,1,15,27,11,4,57,0,TRUE,0.7645423632081463
abs_radgrad__raw,q75,258.52,0.46102634655114266,0.8127322669497373,1,33,9,5,10,57,0,TRUE,0.7645422880303342
abs_radgrad__lutz_global,q75,58.26833333333332,0.46102634655114266,0.8127322669497373,1,33,9,5,10,57,0,TRUE,0.7645422880303342
cv__species_site_znorm,q75,0.3492773784729587,0.47884499533566277,0.7863759325044737,1,35,7,7,8,57,0,TRUE,0.7641897314936004
neg_radgrad__site_znorm,otsu,0.36651869717390817,0.44023119730962107,0.8395888430003435,1,29,13,3,12,57,0,TRUE,0.7639781298084533
neg_radgrad__site_znorm,gmm,0.38796583063601314,0.44023119730962107,0.8395888430003435,1,29,13,3,12,57,0,TRUE,0.7639781298084533
radialgradient__site_znorm,otsu,-0.36651869717390817,0.44023119730962107,0.8395888430003434,1,13,29,12,3,57,0,TRUE,0.7639781298084531
radialgradient__site_znorm,gmm,-0.38752217673451583,0.44023119730962107,0.8395888430003434,1,13,29,12,3,57,0,TRUE,0.7639781298084531
gini_x_absradgrad__product_species_znorm,q75,0.5066671424150176,0.45895136909883855,0.8127322669497373,1,33,9,5,10,57,0,TRUE,0.7638160459220278
PC1__pca_raw,gmm,-0.9930204892102151,0.43287414805421387,0.8491385733603433,1,11,31,9,6,57,0,TRUE,0.7637905951590606
PC4__pca_species_norm,mean,7.761822373914471e-16,0.38846365642278063,0.9113120463360942,1,22,20,6,9,57,0,TRUE,0.7637902913319967
PC1__pca_raw,median,0.06113432128587001,0.4039836782134989,0.8888002891150057,1,18,24,4,11,57,0,TRUE,0.763594359653476
PC4__pca_species_norm,median,-0.057247740178753205,0.38725103859730425,0.9113120463360942,1,20,22,6,9,57,0,TRUE,0.76336587509308
abs_radgrad__site_znorm,gmm,0.7024146779634771,0.47706917336372356,0.7846249684198988,1,34,8,4,11,57,0,TRUE,0.7631304527822779
neg_radgrad__lutz_species,median,0.9136363636363853,0.3835373090465862,0.915315040318238,1,21,21,7,8,57,0,TRUE,0.7630668182458645
cv__species_znorm,mean,-1.1491782184716534e-16,0.41195516447622615,0.8748851110321095,1,28,14,10,5,57,0,TRUE,0.7629055853247065
gini__lutz_species_site,mean,0.024644019771651354,0.4338687949782756,0.8438132905743033,1,30,12,11,4,57,0,TRUE,0.7628074008859722
radialgradient__lutz_species_site,otsu,-13.722400000000006,0.382356835692551,0.9147121828528005,1,20,22,8,7,57,0,TRUE,0.762502938205593
cv__site_znorm,mean,3.1164155077197375e-17,0.4057032007029915,0.8818133689795014,1,28,14,9,6,57,0,TRUE,0.7624494624909223
gini__lutz_species,mean,0.022815594541910334,0.4176936950731741,0.864141019964567,1,28,14,11,4,57,0,TRUE,0.7622280482667526
gini__raw,otsu,0.297108,0.4116311091584809,0.8723549613644627,1,29,13,9,6,57,0,TRUE,0.7621596285465839
gini__lutz_global,otsu,0.03796990476190477,0.4116311091584809,0.8723549613644627,1,29,13,9,6,57,0,TRUE,0.7621596285465839
neg_median__species_znorm,median,0.24715630652661225,0.40589957834439033,0.8790311432518564,1,26,16,11,4,57,0,TRUE,0.7618226382335007
gini_x_absradgrad__product,q75,75.81859600000001,0.44967199074828984,0.8175587899430385,1,32,10,4,11,57,0,TRUE,0.7617748942476611
neg_mean__lutz_species,median,43.25818181818181,0.4015235019755194,0.8845413154101415,1,25,17,11,4,57,0,TRUE,0.7616685545439671
PC4__pca_species_norm,gmm,0.25099373775742273,0.40812460976018305,0.8748851110321093,1,28,14,5,10,57,0,TRUE,0.7615648911740913
gini__raw,median,0.2674,0.3897323152345019,0.899544380182548,1,24,18,10,5,57,0,TRUE,0.7612924053777127
gini__lutz_global,median,0.008261904761904804,0.38973231523450186,0.899544380182548,1,24,18,10,5,57,0,TRUE,0.7612924053777127
gini__site_znorm,mean,8.180590707764311e-17,0.39470751671813736,0.8899149938380798,1,27,15,9,6,57,0,TRUE,0.760626379310868
PC1__pca_raw,mean,2.0373566381717784e-15,0.39814377155734554,0.8845413154101415,1,17,25,4,11,57,0,TRUE,0.7604856488976063
sd_x_cv__product_species_znorm,mean,3.1164155077197375e-17,0.3859215320586534,0.900103628783497,1,26,16,8,7,57,0,TRUE,0.7600984434164029
cv_x_absradgrad__product_species_znorm,gmm,0.6809074239042554,0.4740346990768115,0.7760475380403753,1,35,7,5,10,57,0,TRUE,0.7599240291869779
gini_x_absradgrad__product,otsu,84.94978859999998,0.47435323932737317,0.7695311990707141,1,34,8,3,12,57,0,TRUE,0.758406433532259
neg_mean__raw,mean,-369.41771929824563,0.3776749119752774,0.9043837883887023,1,22,20,10,5,57,0,TRUE,0.7582821662885226
mean__raw,mean,369.41771929824563,0.3776749119752774,0.9043837883887023,1,20,22,5,10,57,0,TRUE,0.7582821662885226
neg_mean__lutz_global,mean,23.733471177944892,0.3776749119752774,0.9043837883887023,1,22,20,10,5,57,0,TRUE,0.7582821662885226
mean__lutz_global,mean,-23.733471177944892,0.3776749119752774,0.9043837883887023,1,20,22,5,10,57,0,TRUE,0.7582821662885226
gini__lutz_species,otsu,0.0403295,0.41257518640933327,0.8545573816418457,1,30,12,10,5,57,0,TRUE,0.7580406606537281
cv__site_znorm,q75,0.3125334616258031,0.4496585452365994,0.8022973174348332,1,34,8,6,9,57,0,TRUE,0.757954820191518
gini__lutz_species,median,0.015716666666666657,0.4056193513847207,0.8639373739026716,1,26,16,12,3,57,0,TRUE,0.7579511164603201
sd_x_cv__product_species_znorm,otsu,0.34704275225868114,0.43466470986892236,0.8230606614138357,1,33,9,7,8,57,0,TRUE,0.7578978138075817
neg_radgrad__site_znorm,q75,0.7095223338789738,0.43613672762859734,0.8163724549962241,1,31,11,3,12,57,0,TRUE,0.756740968419065
cv__raw,q75,0.6011,0.44572338544434387,0.8022973174348332,1,34,8,6,9,57,0,TRUE,0.7565775142642286
cv__lutz_global,q75,0.1304142857142857,0.44572338544434387,0.8022973174348332,1,34,8,6,9,57,0,TRUE,0.7565775142642286
neg_radgrad__raw,median,-113.8,0.36751070554371096,0.9113120463360942,1,20,22,6,9,57,0,TRUE,0.7564567585243224
neg_radgrad__lutz_global,median,-79.655,0.36751070554371096,0.9113120463360942,1,20,22,6,9,57,0,TRUE,0.7564567585243224
gini__site_znorm,otsu,0.3424050641575578,0.41848754209361844,0.8386312754746792,1,32,10,8,7,57,0,TRUE,0.7561284586014362
sd_x_cv__product_species_znorm,q75,0.43572216775464173,0.4443795161451828,0.8022973174348332,1,34,8,6,9,57,0,TRUE,0.7561071600095223
neg_median__site_znorm,mean,-1.3244765907808884e-16,0.37160972996416874,0.90257247052053,1,19,23,10,5,57,0,TRUE,0.7557065231175916
median__site_znorm,mean,1.3244765907808884e-16,0.37160972996416874,0.90257247052053,1,23,19,5,10,57,0,TRUE,0.7557065231175916
mean__raw,median,360.19,0.3701978622915161,0.90257247052053,1,19,23,5,10,57,0,TRUE,0.7552123694321632
mean__lutz_global,median,-32.961190476190495,0.370197862291516,0.90257247052053,1,19,23,5,10,57,0,TRUE,0.7552123694321631
radialgradient__raw,median,113.8,0.3614571781706445,0.9147121828528005,1,22,20,8,7,57,0,TRUE,0.7551880580729257
radialgradient__lutz_global,median,79.655,0.36145717817064454,0.9147121828528005,1,22,20,8,7,57,0,TRUE,0.7551880580729257
PC4__pca_raw,mean,-2.535009239560774e-15,0.3638931503379845,0.9098727746466464,1,18,24,8,7,57,0,TRUE,0.7548307962799561
PC4__pca_raw,gmm,-5.433602409103504e-5,0.3638931503379845,0.9098727746466464,1,18,24,8,7,57,0,TRUE,0.7548307962799561
neg_mean__site_znorm,mean,-2.337311630789803e-17,0.3670906252807865,0.9043837883887023,1,22,20,10,5,57,0,TRUE,0.7545776659454507
mean__site_znorm,mean,2.337311630789803e-17,0.3670906252807865,0.9043837883887023,1,20,22,5,10,57,0,TRUE,0.7545776659454507
gini__site_znorm,median,-0.04790868228911779,0.3808996657336587,0.8845413154101415,1,25,17,11,4,57,0,TRUE,0.7544502118593159
PC4__pca_raw,otsu,-0.07711762751442643,0.3649563557790729,0.9064726381299401,1,18,24,9,6,57,0,TRUE,0.7543528840551604
gini__lutz_species_site,median,0.015716666666666657,0.3934154711411778,0.8639373739026716,1,26,16,12,3,57,0,TRUE,0.75367975837508006
entropy__species_site_znorm,gmm,-0.330002856500154,0.41850938400140325,0.8283028810105809,1,10,32,5,10,57,0,TRUE,0.7535540046531363
sd_x_abscma__product,gmm,23.56667603187166,0.3993871795715597,0.8546826123495284,1,13,29,11,4,57,0,TRUE,0.7534561659374279
cv__lutz_species,mean,0.06110712830054936,0.3992743349935808,0.8546826123495284,1,29,13,11,4,57,0,TRUE,0.7534166703351354
sd_x_cv__product_species_znorm,median,-0.1750795017962092,0.3596277882122711,0.9095007284679221,1,23,19,9,6,57,0,TRUE,0.7532449079912753
cv__lutz_species_site,median,0.016522222222222216,0.3913935001272846,0.8639373739026716,1,26,16,12,3,57,0,TRUE,0.7529720685202175
cv__species_site_znorm,otsu,0.6780609497401442,0.47910178642625156,0.7409108013182377,1,37,5,7,8,57,0,TRUE,0.75291332557874735
cv__species_site_znorm,gmm,0.6995180831514062,0.47910178642625156,0.7409108013182377,1,37,5,7,8,57,0,TRUE,0.75291332557874735
median__lutz_species_site,median,-35.40571428571428,0.3838968109817363,0.8737065197658208,1,18,24,3,12,57,0,TRUE,0.7527905137850629
entropy__lutz_species_site,otsu,-0.1155716666666655,0.41935361920708014,0.8230606614138357,1,9,33,7,8,57,0,TRUE,0.7525389320759369
lutz_cv_x_abscma__lutz_product,q75,0.009282560156249994,0.42639379085492046,0.8127322669497373,1,33,9,5,10,57,0,TRUE,0.7524208935366564
neg_mean__raw,median,-360.19,0.3643503023370641,0.899544380182548,1,24,18,10,5,57,0,TRUE,0.7524087008636094
neg_mean__lutz_global,median,32.961190476190495,0.36435030233706406,0.899544380182548,1,24,18,10,5,57,0,TRUE,0.7524087008636094
mean__site_znorm,median,-0.030778162661644064,0.3614407901621477,0.90257247052053,1,19,23,5,10,57,0,TRUE,0.7521473941868843
neg_median__raw,mean,-348.41789473684213,0.35902332779001084,0.9049866458541396,1,21,21,10,5,57,0,TRUE,0.7519048261900386
median__raw,median,331.92,0.35902332779001084,0.9049866458541396,1,21,21,5,10,57,0,TRUE,0.7519048261900386
median__raw,mean,348.41789473684213,0.35902332779001084,0.9049866458541396,1,21,21,5,10,57,0,TRUE,0.7519048261900386
neg_median__lutz_global,mean,28.14996240601507,0.35902332779001084,0.9049866458541396,1,21,21,10,5,57,0,TRUE,0.7519048261900386
median__lutz_global,median,-44.64785714285716,0.35902332779001084,0.9049866458541396,1,21,21,5,10,57,0,TRUE,0.7519048261900386
median__lutz_global,mean,-28.14996240601507,0.35902332779001084,0.9049866458541396,1,21,21,5,10,57,0,TRUE,0.7519048261900386
sd_x_cv__product,median,84.709632,0.3515698356509276,0.9147121828528005,1,22,20,8,7,57,0,TRUE,0.7517274881910248
radialgradient__lutz_species_site,gmm,-60.699459327228055,0.3814552319964758,0.8723549613644627,1,13,29,9,6,57,0,TRUE,0.7515980715398821
neg_radgrad__lutz_species_site,gmm,61.197067654939495,0.3814552319964758,0.8723549613644627,1,29,13,6,9,57,0,TRUE,0.7515980715398821
PC2__pca_raw,gmm,0.6584834435792135,0.4020055638690141,0.8422103154129513,1,31,11,5,10,57,0,TRUE,0.7512545262073927
neg_mean__site_znorm,median,0.030778162661644064,0.35890969718548543,0.899544380182548,1,24,18,10,5,57,0,TRUE,0.7505044890605569
lutz_gini_x_abscma__lutz_product,q75,0.004371349090909093,0.4194885861549678,0.8127322669497373,1,33,9,5,10,57,0,TRUE,0.7500040718916731
sd_x_cv__product_species_znorm,gmm,0.6196865078591578,0.45596342040999766,0.7614785590687049,1,36,6,6,9,57,0,TRUE,0.7499568369106754
sd_x_cv__product,otsu,120.72223823999997,0.496764616274545,0.7037242445019614,1,38,4,5,10,57,0,TRUE,0.7497986768215811
gini__lutz_species_site,gmm,0.06718902149922679,0.4370894992330621,0.7863759325044735,1,35,7,8,7,57,0,TRUE,0.74957530785769
PC3__pca_species_norm,q75,0.7799495458668103,0.4147695842642152,0.8175587899430385,1,32,10,4,11,57,0,TRUE,0.7495590519782349
abs_radgrad__species_site_znorm,q75,0.6448365531416546,0.4155157310382417,0.8163724549962241,1,31,11,3,12,57,0,TRUE,0.7495236196124405
neg_median__lutz_species,median,54.983750000000015,0.37059650868972466,0.8790311432518564,1,26,16,11,4,57,0,TRUE,0.7494665638543677
gini__raw,q75,0.3267,0.4248931173711595,0.8022973174348332,1,34,8,6,9,57,0,TRUE,0.7492869204386141
gini__lutz_global,q75,0.06756190476190477,0.4248931173711595,0.8022973174348332,1,34,8,6,9,57,0,TRUE,0.7492869204386141
cv__lutz_species,q75,0.11157272727272727,0.45095472291351535,0.7648786955854111,1,36,6,8,7,57,0,TRUE,0.7490538269160831
cv__site_znorm,median,-0.19012156646073958,0.35431468120428755,0.899544380182548,1,24,18,10,5,57,0,TRUE,0.7488962334671375
cv__lutz_species,median,0.025416666666666643,0.37912768829710675,0.8639373739026716,1,26,16,12,3,57,0,TRUE,0.7486790343796552
sd_x_cv__product,mean_plus_sd,138.08842041437077,0.5220019750424736,0.6625913067069198,1,39,3,4,11,57,0,TRUE,0.7483485179415956
gini_x_absradgrad__product_species_znorm,mean_plus_sd,0.9728456051340167,0.5064468102195377,0.6842947321828783,1,37,5,2,13,57,0,TRUE,0.7483300666225577
gini_x_absradgrad__product_species_znorm,gmm,0.7809487206360345,0.47876193448786053,0.719838315786597,1,37,5,4,11,57,0,TRUE,0.7475262560174004
PC2__pca_raw,q75,0.8817455845461378,0.41182712551505146,0.8127322669497373,1,33,9,5,10,57,0,TRUE,0.7473225606677023
sd_x_cv__product,mean,89.65339540350877,0.3448991016207639,0.9056138009417821,1,25,17,8,7,57,0,TRUE,0.7471181358027128
neg_radgrad__raw,mean_plus_sd,175.36878080793826,0.44299015283326176,0.7664445922784764,1,33,9,2,13,57,0,TRUE,0.7466577015612607
neg_radgrad__lutz_global,mean_plus_sd,209.51378080793825,0.44299015283326176,0.7664445922784764,1,33,9,2,13,57,0,TRUE,0.7466577015612607
cv__site_znorm,otsu,0.6246800854024048,0.44274176199017384,0.7614785590687049,1,36,6,6,9,57,0,TRUE,0.745329256463737
sd_x_abscma__product_species_znorm,q75,0.6378665220911798,0.40858500253940305,0.8082697069705846,1,30,12,2,13,57,0,TRUE,0.7450721776314372
neg_median__lutz_species_site,gmm,63.36738741078329,0.38360919682609806,0.8422103154129513,1,31,11,10,5,57,0,TRUE,0.7448157977423722
median__lutz_species_site,gmm,-63.29063730735133,0.38360919682609806,0.8422103154129513,1,11,31,5,10,57,0,TRUE,0.7448157977423722
sd_x_abscma__product,q75,62.28136,0.4107238723525775,0.8022973174348332,1,34,8,6,9,57,0,TRUE,0.7443276846821104
neg_radgrad__species_site_znorm,q75,0.6316432945822882,0.39890532438779075,0.8175587899430385,1,32,10,4,11,57,0,TRUE,0.7440065610214863
radialgradient__lutz_species,gmm,-92.25584376519961,0.3802244759924357,0.8422103154129513,1,11,31,10,5,57,0,TRUE,0.7436311454505903
neg_radgrad__lutz_species,gmm,92.01847579822372,0.3802244759924357,0.8422103154129513,1,31,11,5,10,57,0,TRUE,0.7436311454505903
cv__lutz_species_site,q75,0.16010000000000002,0.4353651248429182,0.7648786955854111,1,36,6,8,7,57,0,TRUE,0.7435974675913741
radialgradient__species_znorm,gmm,-0.3854852272267279,0.3513157761104339,0.8818133689795014,1,14,28,9,6,57,0,TRUE,0.7434138638835271
neg_radgrad__species_znorm,gmm,0.38517079095221657,0.3513157761104339,0.8818133689795014,1,28,14,6,9,57,0,TRUE,0.7434138638835271
abs_radgrad__lutz_species_site,q75,59.54000000000002,0.3969418449453544,0.8175587899430385,1,32,10,4,11,57,0,TRUE,0.7433193432166336
sd_x_cv__product,gmm,140.21248991466888,0.5180031545938553,0.6474975373577349,1,39,3,3,12,57,0,TRUE,0.743175488447283
abs_radgrad__raw,gmm,293.2648404116822,0.4599206937435355,0.7287124407045855,1,36,6,3,12,57,0,TRUE,0.7431503529863838
abs_radgrad__lutz_global,gmm,93.01317374501554,0.45992069374353556,0.7287124407045855,1,36,6,3,12,57,0,TRUE,0.7431503529863838
PC1__pca_species_norm,median,0.2839237383197057,0.35863632155087166,0.8694475460609566,1,17,25,3,12,57,0,TRUE,0.7428845990580442
PC1__pca_species_norm,mean,-7.888426753915586e-16,0.38498097131287223,0.8287195212251185,1,12,30,3,12,57,0,TRUE,0.7419232202657848
gini__lutz_species,q75,0.06,0.43056431436689413,0.7648786955854111,1,36,6,8,7,57,0,TRUE,0.7419171839247657
abs_radgrad__species_znorm,gmm,0.8447091176353858,0.4561701443037638,0.7287124407045855,1,36,6,3,12,57,0,TRUE,0.7418376606824636
gini__species_znorm,otsu,0.34213925481027085,0.4011670416318909,0.8056974539515396,1,34,8,8,7,57,0,TRUE,0.7418328280590466
sd_x_cv__product,q75,104.43387,0.40300005833091296,0.8022973174348332,1,34,8,6,9,57,0,TRUE,0.7416243497745278
gini_x_absradgrad__product,gmm,97.82226563474686,0.4719151436237103,0.7047445464374121,1,37,5,3,12,57,0,TRUE,0.7413564368776516
gini_x_absradgrad__product,mean_plus_sd,100.25627400995091,0.4719151436237103,0.7047445464374121,1,37,5,3,12,57,0,TRUE,0.7413564368776516
neg_median__lutz_species_site,otsu,77.55720000000001,0.38358283753318917,0.8283028810105809,1,32,10,10,5,57,0,TRUE,0.7413297133892613
median__lutz_species_site,otsu,-77.55720000000001,0.38358283753318917,0.8283028810105809,1,10,32,5,10,57,0,TRUE,0.7413297133892613
cv_x_absradgrad__product_species_znorm,mean_plus_sd,0.9728456051340167,0.4715403760116893,0.7047445464374121,1,37,5,3,12,57,0,TRUE,0.7412252682134443
median__species_site_znorm,q75,0.820631537122928,0.4082788355285346,0.7910929535442986,1,29,13,1,14,57,0,TRUE,0.7406708308210617
neg_median__lutz_species_site,median,35.40571428571428,0.36079722459654884,0.8571488754739607,1,27,15,12,3,57,0,TRUE,0.7405662474772822
neg_median__lutz_species_site,mean,37.530543024227235,0.36079722459654884,0.8571488754739607,1,27,15,12,3,57,0,TRUE,0.7405662474772822
median__lutz_species_site,mean,-37.530543024227235,0.36079722459654884,0.8571488754739606,1,15,27,3,12,57,0,TRUE,0.7405662474772822
gini__lutz_species_site,otsu,0.05328928571428572,0.4184371241014113,0.7760475380403753,1,35,7,10,5,57,0,TRUE,0.7404648779455877
abs_radgrad__lutz_species,gmm,104.96511765802462,0.4667476658554997,0.7082626264500518,1,36,6,2,13,57,0,TRUE,0.7404273396619377
abs_radgrad__lutz_species,mean_plus_sd,124.03964166345132,0.4667476658554997,0.7082626264500518,1,36,6,2,13,57,0,TRUE,0.7404273396619377
gini_x_abscma__product_species_znorm,q75,0.6053238354154322,0.3993414768255398,0.8022973174348332,1,34,8,6,9,57,0,TRUE,0.7403438462476472
cv__species_znorm,q75,0.22997351353939058,0.4253803260574867,0.7648786955854111,1,36,6,8,7,57,0,TRUE,0.7401027880164731
abs_radgrad__site_znorm,mean_plus_sd,0.991031208965115,0.46513582590440306,0.7082626264500518,1,36,6,2,13,57,0,TRUE,0.739863195679054
neg_radgrad__lutz_species,q75,113.8711111111111,0.3902322045798092,0.8127322669497373,1,33,9,5,10,57,0,TRUE,0.7397643383403675
cv__lutz_species,otsu,0.18737272727272744,0.45928827333126243,0.7140526389660595,1,38,4,8,7,57,0,TRUE,0.7392640554074567
negmean_x_abscma__product_species_znorm,q75,0.8199657168362676,0.3887323805973218,0.8127322669497373,1,33,9,5,10,57,0,TRUE,0.7392393999464969
abs_radgrad__raw,mean_plus_sd,325.7766913728183,0.46298817123142455,0.7082626264500518,1,36,6,2,13,57,0,TRUE,0.7391115165435115
abs_radgrad__lutz_global,mean_plus_sd,125.52502470615158,0.46298817123142455,0.7082626264500518,1,36,6,2,13,57,0,TRUE,0.7391115165435115
lutz_gini_x_abscma__lutz_product,mean,-8.150778888544312e-4,0.32395584668366445,0.90257247052053,1,19,23,10,5,57,0,TRUE,0.739027663969415
lutz_gini_x_abscma__lutz_product,gmm,-0.0010697009115780093,0.32395584668366445,0.90257247052053,1,19,23,10,5,57,0,TRUE,0.739027663969415
mean__species_znorm,q75,0.9408339661175549,0.40212930948445547,0.7910929535442986,1,29,13,1,14,57,0,TRUE,0.738518496705634
cv_x_abscma__product_species_znorm,q75,0.6225172805953567,0.3941062532138161,0.8022973174348332,1,34,8,6,9,57,0,TRUE,0.7385115179835439
PC4__pca_raw,median,0.018013291897017617,0.3132075004451127,0.9147121828528005,1,22,20,8,7,57,0,TRUE,0.7383006708689895
sd__raw,q75,213.79,0.3834090638964003,0.8163724549962241,1,31,11,3,12,57,0,TRUE,0.7382862861127961
sd__lutz_global,q75,43.29595238095237,0.38340906389640034,0.8163724549962241,1,31,11,3,12,57,0,TRUE,0.7382862861127961
gini__lutz_species_site,q75,0.07726666666666665,0.41906457857546425,0.7648786955854111,1,36,6,8,7,57,0,TRUE,0.7378922763977652
gini__site_znorm,q75,0.5911847564517686,0.40350004157532937,0.7863759325044737,1,35,7,7,8,57,0,TRUE,0.7378189976774837
sd__site_znorm,q75,0.765924457690245,0.38091375368191066,0.8175587899430385,1,32,10,4,11,57,0,TRUE,0.7377095112744283
cv__species_site_znorm,mean_plus_sd,0.9543135154205274,0.483362983632764,0.6733353977744622,1,39,3,5,10,57,0,TRUE,0.7375108937150828
PC4__pca_species_norm,q75,0.4159225718393004,0.3801248293550056,0.8175587899430385,1,32,10,4,11,57,0,TRUE,0.7374333877600115
negmean_x_abscma__product_species_znorm,mean_plus_sd,0.972845605134017,0.3906268072009315,0.8019881758821951,1,33,9,4,11,57,0,TRUE,0.7372164264908748
neg_radgrad__lutz_species_site,q75,123.29555555555557,0.3826759278489821,0.8127322669497373,1,33,9,5,10,57,0,TRUE,0.737119641484578
abs_radgrad__species_znorm,mean_plus_sd,0.9728456051340169,0.4567844312284958,0.7082626264500518,1,36,6,2,13,57,0,TRUE,0.7369402075424865
lutz_gini_x_abscma__lutz_product,median,-3.446468749999884e-5,0.31201950661075484,0.9095007284679221,1,23,19,9,6,57,0,TRUE,0.7365820094307447
sd_x_cv__product_species_znorm,mean_plus_sd,0.9728456051340167,0.4756233272874994,0.6802636557218542,1,39,3,6,9,57,0,TRUE,0.7365340784810883
lutz_cv_x_abscma__lutz_product,median,7.108066115702403e-5,0.3189348969501111,0.899544380182548,1,24,18,10,5,57,0,TRUE,0.7365133089781758
PC3__pca_raw,q75,0.7512720031000719,0.3802556991653062,0.8127322669497373,1,33,9,5,10,57,0,TRUE,0.7362725614452915
gini__lutz_species,gmm,0.05845205211438084,0.4154361594206896,0.7614785590687049,1,36,6,9,6,57,0,TRUE,0.7357722955644176
gini__species_site_znorm,otsu,0.5821208580269885,0.42948896830522376,0.7409108013182376,1,37,5,8,7,57,0,TRUE,0.7355488392363877
gini__species_site_znorm,gmm,0.5317845900804645,0.42948896830522376,0.7409108013182376,1,37,5,8,7,57,0,TRUE,0.7355488392363877
mean__lutz_species,q75,71.03444444444443,0.3935479455715571,0.7910929535442986,1,29,13,1,14,57,0,TRUE,0.7355150193361196
abs_radgrad__species_site_znorm,mean_plus_sd,0.9543135154205277,0.42321417654361293,0.7490813848161801,1,34,8,2,13,57,0,TRUE,0.7353953079943095
sd__species_site_znorm,q75,0.6558999004858937,0.37331163590414285,0.8175587899430385,1,32,10,4,11,57,0,TRUE,0.7350487700522096
cv__site_znorm,gmm,0.7859857156920951,0.4541862880302726,0.7037242445019614,1,38,4,5,10,57,0,TRUE,0.7348962619360857
PC1__pca_species_norm,otsu,-1.3185805157108326,0.42640378411944774,0.7409108013182376,1,5,37,8,7,57,0,TRUE,0.7344690247713661
PC1__pca_species_norm,gmm,-1.2837556031510737,0.42640378411944774,0.7409108013182376,1,5,37,8,7,57,0,TRUE,0.7344690247713661
median__site_znorm,median,-0.060868700346830354,0.3084581317519966,0.90257247052053,1,19,23,5,10,57,0,TRUE,0.7336034637433313
gini__species_site_znorm,q75,0.4151906000713747,0.40655293924282365,0.7648786955854111,1,36,6,8,7,57,0,TRUE,0.733513202631341
cv_x_abscma__product_species_znorm,mean_plus_sd,0.9728456051340167,0.4257632083888136,0.7375106648015314,1,37,5,6,9,57,0,TRUE,0.7333947891364676
gini__raw,gmm,0.34850466600619007,0.40672370191384005,0.7614785590687049,1,36,6,6,9,57,0,TRUE,0.7327229354370202
gini__lutz_global,gmm,0.08936657076809479,0.40672370191384005,0.7614785590687049,1,36,6,6,9,57,0,TRUE,0.7327229354370202
neg_median__raw,median,-331.92,0.30882637279181435,0.8952854064776838,1,25,17,10,5,57,0,TRUE,0.731910582096556
neg_median__lutz_global,median,44.64785714285716,0.30882637279181435,0.8952854064776838,1,25,17,10,5,57,0,TRUE,0.731910582096556
mean__species_site_znorm,q75,0.8661768663717633,0.38293562438391027,0.7910929535442986,1,29,13,1,14,57,0,TRUE,0.7318007069204432
cv__site_znorm,mean_plus_sd,0.991031208965115,0.4667807892533596,0.6733353977744622,1,39,3,5,10,57,0,TRUE,0.7317071256822913
cv_x_absradgrad__product,gmm,180.30344969563384,0.463319142221977,0.677886384085234,1,38,4,3,12,57,0,TRUE,0.7316332957990005
cv_x_absradgrad__product,mean_plus_sd,183.89859340846687,0.463319142221977,0.677886384085234,1,38,4,3,12,57,0,TRUE,0.7316332957990005
cv__species_znorm,otsu,0.5928147654512075,0.4373669223172917,0.7140526389660595,1,38,4,8,7,57,0,TRUE,0.7315915825525668
neg_radgrad__species_znorm,q75,0.5601850234554008,0.3658275646176635,0.8127322669497373,1,33,9,5,10,57,0,TRUE,0.7312227143536165
gini__species_znorm,gmm,0.4940397035751811,0.3998126555656124,0.7648786955854111,1,36,6,8,7,57,0,TRUE,0.7311541033443171
gini__species_znorm,q75,0.48080570509773213,0.3998126555656124,0.7648786955854111,1,36,6,8,7,57,0,TRUE,0.7311541033443171
cv__lutz_species,mean_plus_sd,0.2606076936482075,0.4598289947195916,0.6802636557218542,1,39,3,6,9,57,0,TRUE,0.7310060620823206
neg_median__site_znorm,median,0.060868700346830354,0.3011085034679137,0.899544380182548,1,24,18,10,5,57,0,TRUE,0.7302740712594068
lutz_cv_x_abscma__lutz_product,otsu,-0.025317449093749993,0.4945882843158758,0.6275777123411009,1,2,40,11,4,57,0,TRUE,0.7300003275958317
cv__raw,otsu,0.7006959999999998,0.4617156806843641,0.6733353977744622,1,39,3,5,10,57,0,TRUE,0.7299343376831429
cv__raw,gmm,0.7127536336816316,0.4617156806843641,0.6733353977744622,1,39,3,5,10,57,0,TRUE,0.7299343376831429
cv__raw,mean_plus_sd,0.7461425970961665,0.4617156806843641,0.6733353977744622,1,39,3,5,10,57,0,TRUE,0.7299343376831429
cv__lutz_global,otsu,0.23001028571428545,0.4617156806843641,0.6733353977744622,1,39,3,5,10,57,0,TRUE,0.7299343376831429
cv__lutz_global,gmm,0.24206791939591704,0.4617156806843641,0.6733353977744622,1,39,3,5,10,57,0,TRUE,0.7299343376831429
cv__lutz_global,mean_plus_sd,0.2754568828104522,0.4617156806843641,0.6733353977744622,1,39,3,5,10,57,0,TRUE,0.7299343376831429
gini__site_znorm,gmm,0.7924340632240838,0.3975587188165518,0.7614785590687049,1,36,6,6,9,57,0,TRUE,0.7295151913529693
lutz_cv_x_abscma__lutz_product,mean_plus_sd,0.027555080078294686,0.4931895863822373,0.6270477231032011,1,39,3,2,13,57,0,TRUE,0.7293782860095833
abs_radgrad__lutz_species_site,gmm,91.7927239389111,0.4195525564163485,0.7297598633691141,1,35,7,2,13,57,0,TRUE,0.7292833605880005
lutz_gini_x_abscma__lutz_product,otsu,-0.008386886437500005,0.4423296640543316,0.6929801534344189,1,4,38,11,4,57,0,TRUE,0.7280604207776208
entropy__lutz_species_site,gmm,-0.2009525619414539,0.5032210855598396,0.6066983698565405,1,1,41,7,8,57,0,TRUE,0.7278019724100789
abs_radgrad__lutz_species_site,mean_plus_sd,120.1905191978982,0.43061834850401753,0.7082626264500518,1,36,6,2,13,57,0,TRUE,0.7277820785889191
mean__species_znorm,mean_plus_sd,0.9728456051340165,0.3783329019238967,0.7802236317690736,1,30,12,1,14,57,0,TRUE,0.7274724236156321
neg_mean__site_znorm,q75,0.6828674231946011,0.3513335813373253,0.8175587899430385,1,32,10,4,11,57,0,TRUE,0.7273564509538234
neg_mean__raw,q75,-266.34,0.35061836640942173,0.8175587899430385,1,32,10,4,11,57,0,TRUE,0.7271061257290572
neg_mean__lutz_global,q75,126.81119047619052,0.3506183664094218,0.8175587899430385,1,32,10,4,11,57,0,TRUE,0.7271061257290572
mean__lutz_species_site,q75,64.06000000000006,0.355904942378254,0.8082697069705846,1,30,12,2,13,57,0,TRUE,0.726634156575035
radialgradient__lutz_species_site,q75,126.06,0.3500197552046985,0.8163724549962241,1,31,11,3,12,57,0,TRUE,0.7266000280707005
median__raw,q75,454.5,0.36699883444062203,0.7910929535442986,1,29,13,1,14,57,0,TRUE,0.7262228304402923
median__lutz_global,q75,77.93214285714282,0.36699883444062203,0.7910929535442986,1,29,13,1,14,57,0,TRUE,0.7262228304402923
mean__raw,q75,482.95,0.3664942369296155,0.7910929535442986,1,29,13,1,14,57,0,TRUE,0.72604622131144
mean__lutz_global,q75,89.7988095238095,0.36649423692961547,0.7910929535442986,1,29,13,1,14,57,0,TRUE,0.72604622131144
mean__site_znorm,q75,0.6587760096679051,0.3655864499812393,0.7910929535442986,1,29,13,1,14,57,0,TRUE,0.7257284958795084
gini_x_abscma__product_species_znorm,mean_plus_sd,0.9728456051340171,0.4085190511157866,0.7305824068541393,1,37,5,5,10,57,0,TRUE,0.7256272696040601
lutz_cv_x_abscma__lutz_product,mean,-0.0027355088056144022,0.28543344981170793,0.90257247052053,1,19,23,10,5,57,0,TRUE,0.7255448250642302
radialgradient__lutz_species,q75,162.775625,0.3440020878454412,0.8175587899430385,1,32,10,4,11,57,0,TRUE,0.7247904282316641
gini__species_site_znorm,mean_plus_sd,0.9543135154205273,0.43952284876086567,0.6836637922385606,1,39,3,7,8,57,0,TRUE,0.7247489451259431
cv__lutz_species_site,otsu,0.1923342857142859,0.41778389242674263,0.7140526389660595,1,38,4,8,7,57,0,TRUE,0.7247375220908748
median__lutz_species_site,q75,52.04571428571427,0.3700473883882844,0.7802236317690736,1,30,12,1,14,57,0,TRUE,0.7245724938781678
gini__raw,mean_plus_sd,0.36961266443951746,0.40529640462459227,0.7305824068541393,1,37,5,5,10,57,0,TRUE,0.724499343332142
gini__lutz_global,mean_plus_sd,0.11047456920142221,0.40529640462459227,0.7305824068541393,1,37,5,5,10,57,0,TRUE,0.724499343332142
lutz_cv_x_abscma__lutz_product,gmm,-0.004736690289086076,0.3020917358151516,0.8748851110321095,1,14,28,10,5,57,0,TRUE,0.7244533852933304
sd_x_abscma__product,mean_plus_sd,71.20751704990661,0.39179901765369635,0.7438062100537705,1,36,6,4,11,57,0,TRUE,0.7230812086922364
neg_median__site_znorm,q75,0.5937533782279338,0.3393293429071335,0.8127322669497373,1,33,9,5,10,57,0,TRUE,0.721948336754931
gini_x_abscma__product,q75,0.10258588,0.3576979015306925,0.7863759325044737,1,35,7,7,8,57,0,TRUE,0.7217882486618608
median__species_site_znorm,mean_plus_sd,0.9543135154205274,0.3696780073060942,0.7678765655401792,1,31,11,1,14,57,0,TRUE,0.7213564439421778
cv_x_abscma__product,q75,0.1884318,0.3450130803855768,0.8022973174348332,1,34,8,6,9,57,0,TRUE,0.7213289074936602
entropy__lutz_species,q75,0.09932222222222364,0.35177916296879547,0.7910929535442986,1,29,13,1,14,57,0,TRUE,0.720895945425153
PC2__pca_raw,mean_plus_sd,1.4397691146414238,0.3962027389070456,0.7287124407045855,1,36,6,3,12,57,0,TRUE,0.7208490687936123
cma__species_znorm,q75,0.7447257002770109,0.33270783706108686,0.8175587899430385,1,32,10,4,11,57,0,TRUE,0.7208374404571399
abs_cma__species_znorm,q75,0.7447257002770109,0.33270783706108686,0.8175587899430385,1,32,10,4,11,57,0,TRUE,0.7208374404571399
cma__lutz_species,q75,0.10018333333333335,0.3328009220092733,0.8163724549962241,1,31,11,3,12,57,0,TRUE,0.7205734364523017
abs_cma__lutz_species,q75,0.10018333333333335,0.3328009220092733,0.8163724549962241,1,31,11,3,12,57,0,TRUE,0.7205734364523017
sd__lutz_species_site,q75,34.43000000000001,0.33169581071057647,0.8175587899430385,1,32,10,4,11,57,0,TRUE,0.7204832312344613
neg_radgrad__species_site_znorm,mean_plus_sd,0.9543135154205276,0.37894658414455684,0.7490813848161801,1,34,8,2,13,57,0,TRUE,0.7199016506546398
lutz_gini_x_abscma__lutz_product,mean_plus_sd,0.011022790989967403,0.4645634145575697,0.6270477231032011,1,39,3,2,13,57,0,TRUE,0.7193591258709496
entropy__lutz_species,gmm,-0.1998077491185797,0.4768556961318111,0.6066983698565405,1,1,41,7,8,57,0,TRUE,0.718574086110269
sd__lutz_species,q75,34.43000000000001,0.32590220191945873,0.8175587899430385,1,32,10,4,11,57,0,TRUE,0.7184554681575702
radialgradient__species_znorm,q75,0.7156086145065258,0.3257064324689127,0.8175587899430385,1,32,10,4,11,57,0,TRUE,0.718386948849879
PC4__pca_raw,q75,0.2887601401517348,0.32552973647089,0.8175587899430385,1,32,10,4,11,57,0,TRUE,0.7183251052505711
median__site_znorm,q75,0.5111849876787652,0.3441350013380077,0.7910929535442986,1,29,13,1,14,57,0,TRUE,0.7182204888543773
gini__species_znorm,mean_plus_sd,0.9728456051340165,0.4202493104529323,0.6836637922385606,1,39,3,7,8,57,0,TRUE,0.7180032067181664
PC3__pca_species_norm,mean_plus_sd,1.0077484938189962,0.37650488723463393,0.7438062100537705,1,36,6,4,11,57,0,TRUE,0.7177282630455645
entropy__lutz_species_site,q75,0.08496666666666641,0.3408496349809638,0.7910929535442986,1,29,13,1,14,57,0,TRUE,0.7170706106294119
mean__lutz_species,mean_plus_sd,91.98346156135158,0.3548656380252077,0.7678765655401792,1,31,11,1,14,57,0,TRUE,0.7161721146938674
neg_median__raw,q75,-241.61,0.32259627850740025,0.8127322669497373,1,33,9,5,10,57,0,TRUE,0.7160917642150244
neg_median__lutz_global,q75,134.95785714285716,0.32259627850740025,0.8127322669497373,1,33,9,5,10,57,0,TRUE,0.7160917642150244
sd_x_abscma__product_species_znorm,mean_plus_sd,0.9728456051340169,0.3680322358528167,0.7490813848161801,1,34,8,2,13,57,0,TRUE,0.7160816287525308
cv_x_negmean__product,q75,-121.644937,0.31862230271435876,0.8163724549962241,1,31,11,3,12,57,0,TRUE,0.7156109196990815
cma__species_site_znorm,q75,0.7447257002770109,0.3177046142259972,0.8163724549962241,1,31,11,3,12,57,0,TRUE,0.715289728728155
abs_cma__species_site_znorm,q75,0.7447257002770109,0.3177046142259972,0.8163724549962241,1,31,11,3,12,57,0,TRUE,0.715289728728155
gini__lutz_species,mean_plus_sd,0.10439275251116557,0.41211864311021434,0.6836637922385606,1,39,3,7,8,57,0,TRUE,0.7151574731482151
cv_x_negmean__product_species_znorm,q75,0.6572498346062229,0.31636588050220105,0.8175587899430385,1,32,10,4,11,57,0,TRUE,0.7151177556615299
cv__lutz_species,gmm,0.29252845771352975,0.4436877002361748,0.6383218034086434,1,40,2,5,10,57,0,TRUE,0.714871145934822
sd__site_znorm,mean_plus_sd,0.9910312089651151,0.3489403344408932,0.7695311990707141,1,34,8,3,12,57,0,TRUE,0.7145119168219911
sd__species_site_znorm,mean_plus_sd,0.9543135154205276,0.36058977314571306,0.7502096776236479,1,35,7,3,12,57,0,TRUE,0.7137588400069115
cma__lutz_species_site,q75,0.09678333333333333,0.3181226462878767,0.8082697069705846,1,30,12,2,13,57,0,TRUE,0.7134103529434029
abs_cma__lutz_species_site,q75,0.09678333333333333,0.3181226462878767,0.8082697069705846,1,30,12,2,13,57,0,TRUE,0.7134103529434029
neg_radgrad__lutz_species,mean_plus_sd,189.38922007169788,0.4036419073575355,0.6842947321828783,1,37,5,2,13,57,0,TRUE,0.712348350620857
cv_x_abscma__product,mean_plus_sd,0.2232226255306139,0.4108924405621582,0.6733353977744622,1,39,3,5,10,57,0,TRUE,0.7121462036403708
PC4__pca_raw,mean_plus_sd,0.7391317871713117,0.4058828249382553,0.677886384085234,1,38,4,3,12,57,0,TRUE,0.7115305847496979
mean__species_site_znorm,mean_plus_sd,0.9543135154205274,0.3415413830300021,0.7678765655401792,1,31,11,1,14,57,0,TRUE,0.7115086254455455
neg_radgrad__species_znorm,mean_plus_sd,0.9728456051340167,0.36790223052370025,0.7287124407045855,1,36,6,3,12,57,0,TRUE,0.7109438908594414
PC4__pca_species_norm,mean_plus_sd,0.7118143795873442,0.36576900765494186,0.7287124407045855,1,36,6,3,12,57,0,TRUE,0.710197262855376
gini_x_negmean__product_species_znorm,q75,0.6357150677172216,0.30513880471688926,0.8127322669497373,1,33,9,5,10,57,0,TRUE,0.7099816483883455
cv__species_znorm,mean_plus_sd,0.9728456051340166,0.42082522201261524,0.6486501978727418,1,40,2,7,8,57,0,TRUE,0.7094513771726008
sd__species_znorm,q75,0.7429561554838447,0.2985462256009618,0.8175587899430385,1,32,10,4,11,57,0,TRUE,0.7088808764460962
radialgradient__species_site_znorm,q75,0.6945018268147498,0.296008148478249,0.8175587899430385,1,32,10,4,11,57,0,TRUE,0.7079925494531468
gini__site_znorm,mean_plus_sd,0.991031208965115,0.39816151766074415,0.6733353977744622,1,39,3,5,10,57,0,TRUE,0.7076903806248759
median__lutz_species_site,mean_plus_sd,94.83113586124193,0.3508942748775137,0.7383985170769652,1,33,9,1,14,57,0,TRUE,0.7074126254763711
gini_x_negmean__product,q75,-66.45528999999999,0.2940127072084874,0.8175587899430385,1,32,10,4,11,57,0,TRUE,0.7072941450087301
cv__species_znorm,gmm,1.0915222022611792,0.4211196927479792,0.6383218034086434,1,40,2,5,10,57,0,TRUE,0.7069723433139535
PC3__pca_raw,mean_plus_sd,0.992006899397692,0.35180129690644457,0.7305824068541393,1,37,5,5,10,57,0,TRUE,0.7057760556307904
PC2__pca_species_norm,q75,0.9468481431654988,0.2877321574060395,0.8082697069705846,1,30,12,2,13,57,0,TRUE,0.70277368183476
entropy__species_znorm,q75,0.720370119187594,0.29833857637924,0.7910929535442986,1,29,13,1,14,57,0,TRUE,0.7021917401188086
gini__lutz_species_site,mean_plus_sd,0.10724189127085064,0.39913933084515846,0.6486501978727418,1,40,2,8,7,57,0,TRUE,0.7018613152639909
sd__lutz_species,mean_plus_sd,57.60791655731327,0.3441831712246708,0.719838315786597,1,37,5,4,11,57,0,TRUE,0.700423688875284
gini_x_abscma__product,mean_plus_sd,0.11852512234920913,0.3504273228110893,0.7037242445019614,1,38,4,5,10,57,0,TRUE,0.6985806241093716
neg_median__lutz_species_site,q75,126.52166666666665,0.32555578235296073,0.7375106648015314,1,37,5,9,6,57,0,TRUE,0.698322190023919
entropy__raw,q75,16.8737,0.286989952242707,0.7910929535442986,1,29,13,1,14,57,0,TRUE,0.6982197216710221
entropy__lutz_global,q75,0.11983571428571338,0.286989952242707,0.7910929535442986,1,29,13,1,14,57,0,TRUE,0.6982197216710221
entropy__site_znorm,q75,0.7918642826579451,0.2869500299373203,0.7910929535442986,1,29,13,1,14,57,0,TRUE,0.6982057488641367
entropy__species_site_znorm,q75,0.6984717370424849,0.28359003941211897,0.7910929535442986,1,29,13,1,14,57,0,TRUE,0.6970297521803163
neg_median__lutz_species,q75,120.38375,0.28629645214773225,0.7863759325044737,1,35,7,7,8,57,0,TRUE,0.6967977413778247
sd__raw,mean_plus_sd,230.31036267567464,0.3091048618312347,0.7502096776236479,1,35,7,3,12,57,0,TRUE,0.6957391210468441
sd__lutz_global,mean_plus_sd,59.81631505662703,0.30910486183123476,0.7502096776236479,1,35,7,3,12,57,0,TRUE,0.6957391210468441
sd__lutz_species,gmm,60.270141196176034,0.34968036983375306,0.6929801534344189,1,38,4,4,11,57,0,TRUE,0.6956331678004183
neg_mean__species_site_znorm,q75,0.6988549466635698,0.28112164236408915,0.7863759325044737,1,35,7,7,8,57,0,TRUE,0.6949865579535496
entropy__species_znorm,gmm,-0.7345034815176623,0.35396746893852865,0.6836637922385606,1,3,39,7,8,57,0,TRUE,0.6948045621881251
radialgradient__lutz_species_site,mean_plus_sd,189.15233228972113,0.3133686102713684,0.7383985170769652,1,33,9,1,14,57,0,TRUE,0.6942786428642203
radialgradient__site_znorm,q75,0.808219345318845,0.25665460413346197,0.8175587899430385,1,32,10,4,11,57,0,TRUE,0.6942188089324713
neg_mean__lutz_species,q75,105.64555555555557,0.29253159028887477,0.7648786955854111,1,36,6,8,7,57,0,TRUE,0.6936057304974589
neg_mean__species_znorm,q75,0.7096779560322186,0.2925268243285926,0.7648786955854111,1,36,6,8,7,57,0,TRUE,0.6936040624113602
cv__lutz_species_site,gmm,0.2904104132892592,0.4117778023674496,0.5963699753924422,1,41,1,5,10,57,0,TRUE,0.6932147246767179
cv__lutz_species_site,mean_plus_sd,0.27336135837975195,0.4117778023674496,0.5963699753924422,1,41,1,5,10,57,0,TRUE,0.6932147246767179
cma__site_znorm,q75,0.8560689039609541,0.2536179735976273,0.8175587899430385,1,32,10,4,11,57,0,TRUE,0.6931559882449291
abs_cma__site_znorm,q75,0.8560689039609541,0.2536179735976273,0.8175587899430385,1,32,10,4,11,57,0,TRUE,0.6931559882449291
neg_radgrad__lutz_species_site,mean_plus_sd,188.1182804935641,0.34956228271709255,0.6802165512485407,1,36,6,1,14,57,0,TRUE,0.6924009367631175
sd__lutz_species_site,mean_plus_sd,56.83751636033387,0.33981373800795406,0.6929801534344189,1,38,4,4,11,57,0,TRUE,0.6921798466613885
negmean_x_abscma__product,q75,-31.042792,0.25463876914346095,0.8022973174348332,1,34,8,6,9,57,0,TRUE,0.6896978985589196
neg_mean__lutz_species_site,q75,112.16999999999999,0.29766581089423627,0.7375106648015314,1,37,5,9,6,57,0,TRUE,0.6885607000133656
entropy__lutz_species,mean_plus_sd,0.13109084644341223,0.291930707238442,0.7383985170769652,1,33,9,1,14,57,0,TRUE,0.686775376802696
gini_x_negmean__product_species_znorm,mean_plus_sd,0.9728456051340167,0.27387030817533525,0.7545503011213128,1,36,6,5,10,57,0,TRUE,0.6844921831416956
entropy__lutz_species_site,mean_plus_sd,0.1311207534376657,0.2953442830568265,0.7210353096146691,1,34,8,1,14,57,0,TRUE,0.6836293264735566
neg_median__species_site_znorm,q75,0.6924152546580132,0.2443468603117802,0.7863759325044737,1,35,7,7,8,57,0,TRUE,0.6821153842352414
neg_mean__lutz_species_site,mean_plus_sd,154.10700154079154,0.31548783548521814,0.6836637922385606,1,39,3,7,8,57,0,TRUE,0.6813366904794664
neg_mean__species_znorm,mean_plus_sd,0.9728456051340167,0.2739729363704514,0.7409108013182377,1,37,5,7,8,57,0,TRUE,0.6811182280592173
neg_median__lutz_species_site,mean_plus_sd,169.8922219096964,0.31462918326317063,0.6836637922385606,1,39,3,7,8,57,0,TRUE,0.6810361622017498
mean__lutz_species_site,mean_plus_sd,91.99265873934348,0.31706674929299156,0.6802165512485407,1,36,6,1,14,57,0,TRUE,0.6810275000646822
neg_mean__site_znorm,mean_plus_sd,0.9910312089651149,0.28461343396921795,0.719838315786597,1,37,5,4,11,57,0,TRUE,0.6795742808358755
neg_mean__raw,mean_plus_sd,-215.2560671505088,0.2843975293331755,0.719838315786597,1,37,5,4,11,57,0,TRUE,0.6794987142132607
neg_mean__lutz_global,mean_plus_sd,177.8951233256817,0.2843975293331756,0.719838315786597,1,37,5,4,11,57,0,TRUE,0.6794987142132607
neg_median__site_znorm,mean_plus_sd,0.9910312089651151,0.2820003938334214,0.719838315786597,1,37,5,4,11,57,0,TRUE,0.6786597167883467
entropy__species_site_znorm,mean_plus_sd,0.9543135154205289,0.25722039975032535,0.7539691311378088,1,32,10,1,14,57,0,TRUE,0.678519422697066
radialgradient__species_znorm,mean_plus_sd,0.9728456051340167,0.2881202508337701,0.7082626264500518,1,36,6,2,13,57,0,TRUE,0.6779077444043324
cv_x_negmean__product_species_znorm,mean_plus_sd,0.9728456051340169,0.2702786404765632,0.7287124407045855,1,36,6,3,12,57,0,TRUE,0.6767756343429435
neg_median__species_znorm,q75,0.6924152546580132,0.24273418934788107,0.7648786955854111,1,36,6,8,7,57,0,TRUE,0.6761766401681111
radialgradient__raw,q75,212.23,0.20673363750903115,0.8127322669497373,1,33,9,5,10,57,0,TRUE,0.6755398398655952
radialgradient__lutz_global,q75,178.08499999999998,0.20673363750903115,0.8127322669497373,1,33,9,5,10,57,0,TRUE,0.6755398398655952
cma__raw,q75,0.4048,0.2013658130602296,0.8175587899430385,1,32,10,4,11,57,0,TRUE,0.67486773205684
abs_cma__raw,q75,0.4048,0.2013658130602296,0.8175587899430385,1,32,10,4,11,57,0,TRUE,0.67486773205684
cma__lutz_global,q75,0.14726666666666666,0.20136581306022963,0.8175587899430385,1,32,10,4,11,57,0,TRUE,0.67486773205684
abs_cma__lutz_global,q75,0.14726666666666666,0.20136581306022963,0.8175587899430385,1,32,10,4,11,57,0,TRUE,0.67486773205684
cma__lutz_species,mean_plus_sd,0.13136979396172405,0.28331150108616954,0.7017137881676031,1,35,7,1,14,57,0,TRUE,0.6745874724220601
abs_cma__lutz_species,mean_plus_sd,0.13136979396172405,0.28331150108616954,0.7017137881676031,1,35,7,1,14,57,0,TRUE,0.6745874724220601
sd__species_znorm,mean_plus_sd,0.9728456051340167,0.2953121827000793,0.6842947321828783,1,37,5,2,13,57,0,TRUE,0.6744329469907473
neg_median__raw,mean_plus_sd,-178.89762984271675,0.2675593169663814,0.719838315786597,1,37,5,4,11,57,0,TRUE,0.6736053398848827
neg_median__lutz_global,mean_plus_sd,197.67022730014045,0.26755931696638147,0.719838315786597,1,37,5,4,11,57,0,TRUE,0.6736053398848827
sd__lutz_species_site,gmm,72.96786280539942,0.3307783219044364,0.6270477231032011,1,39,3,2,13,57,0,TRUE,0.672534343442353
neg_mean__species_site_znorm,mean_plus_sd,0.9543135154205274,0.24739841426132292,0.7409108013182377,1,37,5,7,8,57,0,TRUE,0.6718171453210223
radialgradient__species_site_znorm,mean_plus_sd,0.9543135154205276,0.25470366715018566,0.7297598633691141,1,35,7,2,13,57,0,TRUE,0.6715862493448435
cma__species_znorm,mean_plus_sd,0.972845605134017,0.24805372457741376,0.7383985170769652,1,33,9,1,14,57,0,TRUE,0.6714184328713361
abs_cma__species_znorm,mean_plus_sd,0.972845605134017,0.24805372457741376,0.7383985170769652,1,33,9,1,14,57,0,TRUE,0.6714184328713361
entropy__species_znorm,mean_plus_sd,0.9728456051340147,0.25663673771006823,0.7210353096146691,1,34,8,1,14,57,0,TRUE,0.6700816856021911
radialgradient__lutz_species,mean_plus_sd,196.65679671532718,0.26625494787390547,0.7017137881676031,1,35,7,1,14,57,0,TRUE,0.6686176787977677
PC2__pca_species_norm,mean_plus_sd,1.460758315305283,0.2567214476940778,0.7017137881676031,1,35,7,1,14,57,0,TRUE,0.665280953734828
cv_x_negmean__product,mean_plus_sd,-111.20122281068652,0.2353079619266993,0.7297598633691141,1,35,7,2,13,57,0,TRUE,0.6647977525166232
negmean_x_abscma__product,mean_plus_sd,-20.641511504814247,0.21796475537213986,0.7502096776236479,1,35,7,3,12,57,0,TRUE,0.6638400837861609
neg_mean__lutz_species,mean_plus_sd,147.08996430811746,0.25850692623554983,0.6836637922385606,1,39,3,7,8,57,0,TRUE,0.6613933722420825
cma__site_znorm,mean_plus_sd,0.9910312089651151,0.1950759963214868,0.7695311990707141,1,34,8,3,12,57,0,TRUE,0.6606593984801988
abs_cma__site_znorm,mean_plus_sd,0.9910312089651151,0.1950759963214868,0.7695311990707141,1,34,8,3,12,57,0,TRUE,0.6606593984801988
median__species_znorm,q75,0.7776805328440933,0.480415090022873,0.7540567118144135,1,28,14,0,15,57,1,FALSE,0.6566594594616089
gini_x_negmean__product,mean_plus_sd,-58.652730557811786,0.21370060987038197,0.719838315786597,1,37,5,4,11,57,0,TRUE,0.6547547924012829
median__lutz_species,q75,64.19272727272727,0.46564436678581306,0.7540567118144135,1,28,14,0,15,57,1,FALSE,0.6514897063286379
entropy__site_znorm,mean_plus_sd,0.9910312089651132,0.2138028786470225,0.7017137881676031,1,35,7,1,14,57,0,TRUE,0.6502594545683587
median__species_znorm,mean_plus_sd,0.9728456051340169,0.4684670207978235,0.7445983041993748,1,29,13,0,15,57,1,FALSE,0.6501130333290819
cma__species_site_znorm,mean_plus_sd,0.9543135154205278,0.19678511301222312,0.7210353096146691,1,34,8,1,14,57,0,TRUE,0.6491336169579454
abs_cma__species_site_znorm,mean_plus_sd,0.9543135154205278,0.19678511301222312,0.7210353096146691,1,34,8,1,14,57,0,TRUE,0.6491336169579454
neg_median__lutz_species,mean_plus_sd,161.1960721046479,0.2203342536196948,0.6836637922385606,1,39,3,7,8,57,0,TRUE,0.6480329368265333
median__raw,mean_plus_sd,517.9381596309674,0.47478215243084776,0.7213819161952554,1,31,11,0,15,57,1,FALSE,0.6465192323996105
median__lutz_global,mean_plus_sd,141.3703024881103,0.4747821524308477,0.7213819161952554,1,31,11,0,15,57,1,FALSE,0.6465192323996105
median__site_znorm,mean_plus_sd,0.9910312089651153,0.4740676673811383,0.7213819161952554,1,31,11,0,15,57,1,FALSE,0.6462691626322122
entropy__raw,mean_plus_sd,16.913472600780022,0.20953968538094644,0.6802165512485407,1,36,6,1,14,57,0,TRUE,0.6433930276954664
entropy__lutz_global,mean_plus_sd,0.15960831506573545,0.20953968538094647,0.6802165512485407,1,36,6,1,14,57,0,TRUE,0.6433930276954664
radialgradient__raw,mean_plus_sd,286.4245702816225,0.20743851362637555,0.6474975373577349,1,39,3,3,12,57,0,TRUE,0.6344778641086651
radialgradient__lutz_global,mean_plus_sd,252.27957028162245,0.20743851362637555,0.6474975373577349,1,39,3,3,12,57,0,TRUE,0.6344778641086651
radialgradient__site_znorm,mean_plus_sd,0.9910312089651147,0.1660033279304569,0.7047445464374121,1,37,5,3,12,57,0,TRUE,0.6342873013850129
neg_radgrad__site_znorm,mean_plus_sd,0.9910312089651147,0.458193964006875,0.6745406602697452,1,34,8,0,15,57,1,FALSE,0.6290030524698424
PC1__pca_raw,q75,1.5848352077011567,0.3894758827480656,0.7540567118144135,1,28,14,0,15,57,1,FALSE,0.6248307369154263
PC1__pca_species_norm,q75,1.5274142044169878,0.38942538457403697,0.7540567118144135,1,28,14,0,15,57,1,FALSE,0.6248130625545163
median__lutz_species,mean_plus_sd,95.83299927104873,0.41105198982245145,0.7213819161952554,1,31,11,0,15,57,1,FALSE,0.6242136754866718
cma__raw,mean_plus_sd,0.42189443519205333,0.1284405424162408,0.7047445464374121,1,37,5,3,12,57,0,TRUE,0.6211403264550373
abs_cma__raw,mean_plus_sd,0.42189443519205333,0.1284405424162408,0.7047445464374121,1,37,5,3,12,57,0,TRUE,0.6211403264550373
cma__lutz_global,mean_plus_sd,0.16436110185872,0.12844054241624084,0.7047445464374121,1,37,5,3,12,57,0,TRUE,0.6211403264550373
abs_cma__lutz_global,mean_plus_sd,0.16436110185872,0.12844054241624084,0.7047445464374121,1,37,5,3,12,57,0,TRUE,0.6211403264550373
mean__raw,mean_plus_sd,523.5793714459825,0.4106093791833748,0.707474481792885,1,32,10,0,15,57,1,FALSE,0.6205819031624025
mean__lutz_global,mean_plus_sd,130.42818096979192,0.41060937918337476,0.707474481792885,1,32,10,0,15,57,1,FALSE,0.6205819031624024
neg_median__species_znorm,mean_plus_sd,0.9728456051340169,0.1603177905702101,0.6452500613560355,1,40,2,6,9,57,0,TRUE,0.6174237420385823
mean__site_znorm,mean_plus_sd,0.9910312089651149,0.40714521054179376,0.6919038677320415,1,33,9,0,15,57,1,FALSE,0.6154767906226382
neg_median__species_site_znorm,mean_plus_sd,0.9543135154205277,0.1369301690634916,0.6486501978727418,1,40,2,7,8,57,0,TRUE,0.6100881086404075
cma__lutz_species_site,mean_plus_sd,0.12921341979141615,0.3560585230490338,0.6745406602697452,1,34,8,0,15,57,1,FALSE,0.5932556481345981
abs_cma__lutz_species_site,mean_plus_sd,0.12921341979141615,0.3560585230490338,0.6745406602697452,1,34,8,0,15,57,1,FALSE,0.5932556481345981
PC1__pca_raw,mean_plus_sd,2.0021335566400706,0.3224976231971108,0.707474481792885,1,32,10,0,15,57,1,FALSE,0.58974278856721
PC1__pca_species_norm,mean_plus_sd,1.8777735004956344,0.32015135842006975,0.6745406602697452,1,34,8,0,15,57,1,FALSE,0.5806881405144607
