date,plot,lat,long,tree_id,species,dbh,status
20250611,1-1,42.538799,-72.181147,1,acerru,33.1,alive
20250611,1-1,42.538799,-72.181147,2,acerru,24,dead
20250611,1-1,42.538799,-72.181147,3,betupa,13,dead
20250611,1-1,42.538799,-72.181147,4,nysssy,54.6,alive
20250611,1-1,42.538799,-72.181147,5,piceru,18,dead
20250611,1-1,42.538799,-72.181147,6,piceru,16.1,dead
20250611,1-1,42.538799,-72.181147,7,pinust,34.2,alive
20250611,1-1,42.538799,-72.181147,8,pinust,45.7,alive
20250611,1-1,42.538799,-72.181147,9,pinust,44,alive
20250611,1-1,42.538799,-72.181147,10,acerru,41.1,alive
20250611,1-1,42.538799,-72.181147,11,piceru,20.7,alive
20250611,1-1,42.538799,-72.181147,12,piceru,24.2,alive
20250611,1-2,42.538803,-72.180538,13,acerru,28.9,alive
20250611,1-2,42.538803,-72.180538,14,piceru,21.8,alive
20250611,1-2,42.538803,-72.180538,15,pinust,49.4,dead
20250611,1-2,42.538803,-72.180538,16,acerru,31.3,alive
20250611,1-2,42.538803,-72.180538,17,acerru,23.3,alive
20250611,1-2,42.538803,-72.180538,18,acerru,27.9,alive
20250611,1-2,42.538803,-72.180538,19,acerru,25.5,alive
20250611,1-2,42.538803,-72.180538,20,piceru,23.9,alive
20250611,1-2,42.538803,-72.180538,21,acerru,12.7,alive
20250611,1-2,42.538803,-72.180538,22,piceru,20.7,alive
20250611,1-2,42.5388030000001,-72.180538,23,piceru,26.4,alive
20250611,1-2,42.5388030000001,-72.180538,24,piceru,10.3,alive
20250611,1-2,42.5388030000001,-72.180538,25,piceru,12.2,alive
20250611,1-2,42.5388030000001,-72.180538,26,piceru,27.1,alive
20250611,1-3,42.538806,-72.17993,27,nysssy,14.1,alive
20250611,1-3,42.538806,-72.17993,28,piceru,9.6,dead
20250611,1-3,42.538806,-72.17993,29,nysssy,16.9,alive
20250611,1-3,42.538806,-72.17993,30,acerru,32.5,alive
20250611,1-3,42.538806,-72.17993,31,acerru,35.2,alive
20250611,1-3,42.538806,-72.17993,32,tsugca,36,alive
20250611,1-3,42.538806,-72.17993,33,piceru,19.4,dead
20250611,1-3,42.538806,-72.17993,34,nysssy,39.3,alive
20250611,1-3,42.538806,-72.17993,35,nysssy,24.2,alive
20250611,1-3,42.538806,-72.17993,36,piceru,21.6,dead
20250611,1-3,42.538806,-72.17993,37,nysssy,29.7,alive
20250611,1-3,42.538806,-72.17993,38,piceru,13.5,dead
20250611,1-3,42.538806,-72.17993,39,piceru,31.6,alive
20250611,1-3,42.538806,-72.17993,40,acerru,29.9,alive
20250611,1-3,42.538806,-72.17993,41,acerru,27.2,alive
20250611,1-3,42.538806,-72.17993,42,acerru,33.9,alive
20250611,1-3,42.538806,-72.17993,43,acerru,35.5,alive
20250611,1-3,42.538806,-72.17993,44,pinust,43.3,alive
20250611,1-3,42.538806,-72.17993,45,nysssy,33.2,alive
20250611,1-3,42.538806,-72.17993,46,nysssy,52.6,alive
20250611,2-1,42.538346,-72.181751,75,piceru,21.1,alive
20250611,2-1,42.538346,-72.181751,76,acerru,27.7,alive
20250611,2-1,42.538346,-72.181751,77,nysssy,43,alive
20250611,2-1,42.538346,-72.181751,78,tsugca,50.9,alive
20250611,2-1,42.538346,-72.181751,79,acerru,26.2,alive
20250611,2-1,42.538346,-72.181751,80,acerru,25.1,alive
20250611,2-1,42.538346,-72.181751,81,tsugca,25.8,dead
20250611,2-1,42.538346,-72.181751,82,piceru,28.2,dead
20250611,2-1,42.538346,-72.181751,83,nysssy,44.6,alive
20250611,2-1,42.538346,-72.181751,84,nysssy,35.2,alive
20250611,2-1,42.538346,-72.181751,85,piceru,25.3,dead
20250611,2-1,42.538346,-72.181751,86,piceru,27.5,stressed
20250611,2-1,42.538346,-72.181751,87,nysssy,23.6,alive
20250611,2-1,42.538346,-72.181751,88,piceru,22.1,alive
20250611,2-1,42.538346,-72.181751,89,acerru,24.9,dead
20250611,2-1,42.538346,-72.181751,90,piceru,29.2,alive
20250611,2-2,42.538349,-72.181142,63,nysssy,46.3,alive
20250611,2-2,42.538349,-72.181142,64,acerru,26.5,alive
20250611,2-2,42.538349,-72.181142,65,piceru,17.3,dead
20250611,2-2,42.538349,-72.181142,66,piceru,25.5,alive
20250611,2-2,42.538349,-72.181142,67,acerru,40.4,alive
20250611,2-2,42.538349,-72.181142,68,nysssy,44.5,alive
20250611,2-2,42.538349,-72.181142,69,piceru,16.9,dead
20250611,2-2,42.538349,-72.181142,70,nysssy,39.8,alive
20250611,2-2,42.538349,-72.181142,71,acerru,28.4,alive
20250611,2-2,42.538349,-72.181142,72,pinust,43,alive
20250611,2-2,42.538349,-72.181142,73,piceru,17.2,dead
20250611,2-2,42.538349,-72.181142,74,acerru,21.2,alive
20250611,2-3,42.538353,-72.180534,47,piceru,31,alive
20250611,2-3,42.538353,-72.180534,48,piceru,31.5,alive
20250611,2-3,42.538353,-72.180534,49,piceru,30.4,alive
20250611,2-3,42.538353,-72.180534,50,acerru,37.5,dead
20250611,2-3,42.538353,-72.180534,51,nysssy,32.7,alive
20250611,2-3,42.538353,-72.180534,52,nysssy,28.9,alive
20250611,2-3,42.538353,-72.180534,53,piceru,31.6,alive
20250611,2-3,42.538353,-72.180534,54,piceru,22.1,stressed
20250611,2-3,42.538353,-72.180534,55,piceru,26.7,alive
20250611,2-3,42.538353,-72.180534,56,piceru,22.2,alive
20250611,2-3,42.538353,-72.180534,57,acerru,27.3,alive
20250611,2-3,42.538353,-72.180534,58,acerru,32.3,alive
20250611,2-3,42.538353,-72.180534,59,acerru,16.6,alive
20250611,2-3,42.538353,-72.180534,60,acerru,24.2,alive
20250611,2-3,42.538353,-72.180534,61,pinust,42,dead
20250611,2-3,42.538353,-72.180534,62,nysssy,28.5,alive
20250613,3-1,42.537885,-72.183572,167,acerru,15.2,alive
20250613,3-1,42.537885,-72.183572,168,betupa,21.6,alive
20250613,3-1,42.537885,-72.183572,169,betupa,18,alive
20250613,3-1,42.537885,-72.183572,170,querru,21.4,alive
20250613,3-1,42.537885,-72.183572,171,acerru,15.8,alive
20250613,3-1,42.537885,-72.183572,172,acerru,7.5,dead
20250613,3-1,42.537885,-72.183572,173,nysssy,18,alive
20250613,3-1,42.537885,-72.183572,174,querru,22.7,alive
20250613,3-1,42.537885,-72.183572,175,pinust,60.3,alive
20250613,3-1,42.537885,-72.183572,176,acerru,13,dead
20250613,3-1,42.537885,-72.183572,177,acerru,19.3,alive
20250613,3-1,42.537885,-72.183572,178,pinust,8,dead
20250613,3-1,42.537885,-72.183572,179,acerru,21.2,alive
20250613,3-1,42.537885,-72.183572,180,acerru,22.5,alive
20250613,3-1,42.537885,-72.183572,181,piceru,26.7,alive
20250613,3-2,42.537888,-72.182963,182,tsugca,34.5,alive
20250613,3-2,42.537888,-72.182963,183,piceru,28.6,alive
20250613,3-2,42.537888,-72.182963,184,tsugca,26.8,stressed
20250613,3-2,42.537888,-72.182963,185,tsugca,34.8,dead
20250613,3-2,42.537888,-72.182963,186,tsugca,45.8,alive
20250613,3-2,42.537888,-72.182963,187,piceru,15.8,alive
20250613,3-2,42.537888,-72.182963,188,tsugca,20.5,dead
20250613,3-2,42.537888,-72.182963,189,tsugca,12.4,dead
20250613,3-2,42.537888,-72.182963,190,tsugca,5.8,dead
20250613,3-2,42.537888,-72.182963,191,pinust,74.8,alive
20250613,3-2,42.537888,-72.182963,192,acerru,32.5,alive
20250613,3-2,42.537888,-72.182963,193,tsugca,22.4,alive
20250613,3-2,42.537888,-72.182963,194,querru,23.9,alive
20250613,3-2,42.537888,-72.182963,195,querru,21.8,alive
20250613,3-2,42.537888,-72.182963,196,tsugca,12.2,alive
20250613,3-2,42.537888,-72.182963,197,tsugca,46.5,alive
20250613,3-3,42.537892,-72.182355,198,tsugca,29.9,dead
20250613,3-3,42.537892,-72.182355,199,acerru,42.4,alive
20250613,3-3,42.537892,-72.182355,200,pinust,30.5,dead
20250613,3-3,42.537892,-72.182355,201,nysssy,45.7,alive
20250613,3-3,42.537892,-72.182355,202,nysssy,37.5,alive
20250613,3-3,42.537892,-72.182355,203,nysssy,43.3,alive
20250613,3-3,42.537892,-72.182355,204,nysssy,41,alive
20250613,3-3,42.537892,-72.182355,205,nysssy,34.5,alive
20250613,3-3,42.537892,-72.182355,206,acerru,21.7,alive
20250613,3-3,42.537892,-72.182355,207,acerru,31.9,alive
20250613,3-3,42.537892,-72.182355,208,tsugca,31.2,dead
20250613,3-3,42.537892,-72.182355,209,nysssy,30.8,alive
20250613,3-3,42.537892,-72.182355,210,piceru,29.6,alive
20250613,3-3,42.537892,-72.182355,211,piceru,24,alive
20250613,3-3,42.537892,-72.182355,212,acerru,40.5,alive
20250613,3-3,42.537892,-72.182355,213,piceru,27,alive
20250613,3-3,42.537892,-72.182355,214,acerru,38.8,alive
20250611,3-4,42.537895,-72.181746,91,tsugca,27,alive
20250611,3-4,42.537895,-72.181746,92,pinust,41.6,dead
20250611,3-4,42.537895,-72.181746,93,acerru,25.9,alive
20250611,3-4,42.537895,-72.181746,94,acerru,26.7,alive
20250611,3-4,42.537895,-72.181746,95,acerru,35.6,alive
20250611,3-4,42.537895,-72.181746,96,piceru,24.4,alive
20250611,3-4,42.537895,-72.181746,97,piceru,11.8,alive
20250611,3-4,42.537895,-72.181746,98,acerru,28.1,alive
20250611,3-4,42.537895,-72.181746,99,piceru,29,alive
20250611,3-4,42.537895,-72.181746,100,tsugca,23,dead
20250611,3-4,42.537895,-72.181746,101,piceru,23.5,alive
20250611,3-4,42.537895,-72.181746,102,piceru,23.5,alive
20250611,3-4,42.537895,-72.181746,103,acerru,31.3,alive
20250611,3-4,42.537895,-72.181746,104,acerru,14.9,alive
20250611,3-4,42.537895,-72.181746,105,piceru,17.7,dead
20250611,3-4,42.537895,-72.181746,106,tsugca,32.3,dead
20250611,3-4,42.537895,-72.181746,107,pinust,46.8,dead
20250611,3-4,42.537895,-72.181746,108,piceru,22.4,alive
20250613,3-5,42.537899,-72.181137,254,piceru,20.7,alive
20250613,3-5,42.537899,-72.181137,255,piceru,17.4,dead
20250613,3-5,42.537899,-72.181137,256,piceru,24.1,alive
20250613,3-5,42.537899,-72.181137,257,piceru,26.9,alive
20250613,3-5,42.537899,-72.181137,258,nysssy,30.7,alive
20250613,3-5,42.537899,-72.181137,259,piceru,27.8,alive
20250613,3-5,42.537899,-72.181137,260,acerru,31.6,alive
20250613,3-5,42.537899,-72.181137,261,ACER,23.7,alive
20250613,3-5,42.537899,-72.181137,262,BETULA,7.9,alive
20250613,3-5,42.537899,-72.181137,263,piceru,27.7,alive
20250613,3-5,42.537899,-72.181137,264,piceru,14.3,dead
20250613,3-5,42.537899,-72.181137,265,nysssy,19.8,alive
20250613,3-5,42.537899,-72.181137,266,tsugca,30.7,alive
20250613,3-5,42.537899,-72.181137,267,nysssy,39,alive
20250613,3-5,42.537899,-72.181137,268,acerru,22,alive
20250613,3-5,42.537899,-72.181137,269,piceru,20,alive
20250613,3-5,42.537899,-72.181137,270,acerru,20.5,dead
20250613,3-5,42.537899,-72.181137,271,piceru,23.9,dead
20250613,3-5,42.537899,-72.181137,272,piceru,27.3,alive
20250613,3-6,42.537903,-72.180529,273,piceru,16.3,alive
20250613,3-6,42.537903,-72.180529,274,nysssy,30.6,alive
20250613,3-6,42.537903,-72.180529,275,piceru,22.1,alive
20250613,3-6,42.537903,-72.180529,276,piceru,11.5,alive
20250613,3-6,42.537903,-72.180529,277,tsugca,22.7,dead
20250613,3-6,42.537903,-72.180529,278,pinust,37.4,alive
20250613,3-6,42.537903,-72.180529,279,nysssy,39.9,alive
20250613,3-6,42.537903,-72.180529,280,piceru,25.9,alive
20250613,3-6,42.537903,-72.180529,281,piceru,29.5,alive
20250613,3-6,42.537903,-72.180529,282,piceru,25,alive
20250613,3-6,42.537903,-72.180529,283,piceru,13.4,alive
20250613,3-6,42.537903,-72.180529,284,acerru,18.5,alive
20250613,3-6,42.537903,-72.180529,285,piceru,14.3,stressed
20250613,3-6,42.537903,-72.180529,286,acerru,16.5,alive
20250613,3-6,42.537903,-72.180529,287,piceru,18.2,alive
20250613,3-6,42.537903,-72.180529,288,piceru,14.5,alive
20250613,3-6,42.537903,-72.180529,289,piceru,21.2,alive
20250613,3-6,42.537903,-72.180529,290,piceru,29.5,alive
20250613,3-6,42.537903,-72.180529,291,acerru,22,alive
20250613,3-7,42.537906,-72.17992,292,tsugca,9.8,alive
20250613,3-7,42.537906,-72.17992,293,piceru,22,alive
20250613,3-7,42.537906,-72.17992,294,tsugca,11.5,alive
20250613,3-7,42.537906,-72.17992,295,piceru,15.5,alive
20250613,3-7,42.537906,-72.17992,296,tsugca,35.5,alive
20250613,3-7,42.537906,-72.17992,297,acerru,26.4,alive
20250613,3-7,42.537906,-72.17992,298,BETULA,8.8,dead
20250613,3-7,42.537906,-72.17992,299,piceru,23.7,alive
20250613,3-7,42.537906,-72.17992,300,acerru,32.8,alive
20250613,3-7,42.537906,-72.17992,301,tsugca,33.6,dead
20250613,3-7,42.537906,-72.17992,302,ACER,26.9,dead
20250613,3-7,42.537906,-72.17992,303,BETULA,30.4,alive
20250613,3-7,42.537906,-72.17992,304,tsugca,65.3,alive
20250613,3-7,42.537906,-72.17992,305,tsugca,59.6,alive
20250613,3-7,42.537906,-72.17992,306,acerru,24,alive
20250613,3-7,42.537906,-72.17992,307,piceru,30.3,alive
20250613,3-7,42.537906,-72.17992,308,piceru,15.4,alive
20250613,3-7,42.537906,-72.17992,309,tsugca,21.3,alive
20250613,3-7,42.537906,-72.17992,310,tsugca,21.1,alive
20250613,3-7,42.537906,-72.17992,311,tsugca,56.4,alive
20250613,3-7,42.537906,-72.17992,312,tsugca,64.4,alive
20250613,3-7,42.537906,-72.17992,313,acerru,20.3,alive
20250613,3-7,42.537906,-72.17992,314,acerru,27,alive
20250611,4-1,42.537438,-72.182958,152,nysssy,35.9,alive
20250611,4-1,42.537438,-72.182958,153,tsugca,15.6,dead
20250611,4-1,42.537438,-72.182958,154,nysssy,41.7,alive
20250611,4-1,42.537438,-72.182958,155,nysssy,25.4,alive
20250611,4-1,42.537438,-72.182958,156,nysssy,36.6,alive
20250611,4-1,42.537438,-72.182958,157,tsugca,49.2,alive
20250611,4-1,42.537438,-72.182958,158,tsugca,23.5,stressed
20250611,4-1,42.537438,-72.182958,159,tsugca,20.6,alive
20250611,4-1,42.537438,-72.182958,160,pinust,45.6,dead
20250611,4-1,42.537438,-72.182958,161,tsugca,22.9,dead
20250611,4-1,42.537438,-72.182958,162,piceru,25.3,dead
20250611,4-1,42.537438,-72.182958,163,acerru,35.4,alive
20250611,4-1,42.537438,-72.182958,164,acerru,28.1,alive
20250611,4-1,42.537438,-72.182958,165,tsugca,28.3,stressed
20250611,4-1,42.537438,-72.182958,166,tsugca,23.7,dead
20250611,4-2,42.537442,-72.18235,127,acerru,16,dead
20250611,4-2,42.537442,-72.18235,128,tsugca,16.8,alive
20250611,4-2,42.537442,-72.18235,129,acerru,16.8,dead
20250611,4-2,42.537442,-72.18235,130,piceru,7.5,alive
20250611,4-2,42.537442,-72.18235,131,nysssy,40.8,alive
20250611,4-2,42.537442,-72.18235,132,pinust,24.7,dead
20250611,4-2,42.537442,-72.18235,133,pinust,34.4,dead
20250611,4-2,42.537442,-72.18235,134,acerru,26.5,alive
20250611,4-2,42.537442,-72.18235,135,pinust,26.2,dead
20250611,4-2,42.537442,-72.18235,136,tsugca,35.8,dead
20250611,4-2,42.537442,-72.18235,137,piceru,22.2,dead
20250611,4-2,42.537442,-72.18235,138,acerru,24.1,alive
20250611,4-2,42.537442,-72.18235,139,acerru,14.9,alive
20250611,4-2,42.537442,-72.18235,140,piceru,13.4,dead
20250611,4-2,42.537442,-72.18235,141,tsugca,11,dead
20250611,4-2,42.537442,-72.18235,142,tsugca,12.5,dead
20250611,4-2,42.537442,-72.18235,143,nysssy,30.6,alive
20250611,4-2,42.537442,-72.18235,144,piceru,26.3,alive
20250611,4-2,42.537442,-72.18235,145,piceru,21.5,alive
20250611,4-2,42.537442,-72.18235,146,piceru,16.7,alive
20250611,4-2,42.537442,-72.18235,147,piceru,23.7,dead
20250611,4-2,42.537442,-72.18235,148,nysssy,57.5,alive
20250611,4-2,42.537442,-72.18235,149,tsugca,20.4,dead
20250611,4-2,42.537442,-72.18235,150,acerru,46.2,alive
20250611,4-2,42.537442,-72.18235,151,nysssy,25.4,alive
20250611,4-3,42.537445,-72.181741,109,piceru,40.4,stressed
20250611,4-3,42.537445,-72.181741,110,acerru,34.7,stressed
20250611,4-3,42.537445,-72.181741,111,pinust,19.8,dead
20250611,4-3,42.537445,-72.181741,112,pinure,23.7,dead
20250611,4-3,42.537445,-72.181741,113,nysssy,33,alive
20250611,4-3,42.537445,-72.181741,114,tsugca,27.8,dead
20250611,4-3,42.537445,-72.181741,115,nysssy,41.9,alive
20250611,4-3,42.537445,-72.181741,116,piceru,24.5,dead
20250611,4-3,42.537445,-72.181741,117,pinust,40.7,dead
20250611,4-3,42.537445,-72.181741,118,piceru,23.3,dead
20250611,4-3,42.537445,-72.181741,119,piceru,6.8,dead
20250611,4-3,42.537445,-72.181741,120,piceru,29.8,alive
20250611,4-3,42.537445,-72.181741,121,acerru,23.9,alive
20250611,4-3,42.537445,-72.181741,122,acerru,29.2,alive
20250611,4-3,42.537445,-72.181741,123,acerru,30.6,alive
20250611,4-3,42.537445,-72.181741,124,piceru,32,dead
20250611,4-3,42.537445,-72.181741,125,piceru,5.7,alive
20250611,4-3,42.537445,-72.181741,126,acerru,23.9,alive
20250613,4-4,42.537449,-72.181132,346,piceru,18.6,alive
20250613,4-4,42.537449,-72.181132,347,piceru,14.6,alive
20250613,4-4,42.537449,-72.181132,348,piceru,15,dead
20250613,4-4,42.537449,-72.181132,349,piceru,26.8,stressed
20250613,4-4,42.537449,-72.181132,350,tsugca,35.4,dead
20250613,4-4,42.537449,-72.181132,351,tsugca,35.5,dead
20250613,4-4,42.537449,-72.181132,352,acerru,24.2,alive
20250613,4-4,42.537449,-72.181132,353,pinust,62.3,alive
20250613,4-4,42.537449,-72.181132,354,tsugca,24.5,dead
20250613,4-4,42.537449,-72.181132,355,piceru,24.7,alive
20250613,4-4,42.537449,-72.181132,356,acerru,20.6,alive
20250613,4-4,42.537449,-72.181132,357,acerru,26.1,alive
20250613,4-4,42.537449,-72.181132,358,BETULA,22.6,dead
20250613,4-5,42.537453,-72.180524,338,piceru,19.3,alive
20250613,4-5,42.537453,-72.180524,339,piceru,14.5,alive
20250613,4-5,42.537453,-72.180524,340,piceru,14.9,alive
20250613,4-5,42.537453,-72.180524,341,piceru,24.4,alive
20250613,4-5,42.537453,-72.180524,342,nysssy,31.9,alive
20250613,4-5,42.537453,-72.180524,343,tsugca,28.9,dead
20250613,4-5,42.537453,-72.180524,344,piceru,21,dead
20250613,4-5,42.537453,-72.180524,345,tsugca,40.8,stressed
20250613,4-6,42.537456,-72.179915,315,tsugca,22.6,alive
20250613,4-6,42.537456,-72.179915,316,tsugca,14.8,alive
20250613,4-6,42.537456,-72.179915,317,acerru,15.6,alive
20250613,4-6,42.537456,-72.179915,318,acerru,18.5,alive
20250613,4-6,42.537456,-72.179915,319,tsugca,45.4,dead
20250613,4-6,42.537456,-72.179915,320,tsugca,36.4,alive
20250613,4-6,42.537456,-72.179915,321,tsugca,24.1,alive
20250613,4-6,42.537456,-72.179915,322,tsugca,27.1,stressed
20250613,4-6,42.537456,-72.179915,323,tsugca,25.2,alive
20250613,4-6,42.537456,-72.179915,324,piceru,25,alive
20250613,4-6,42.537456,-72.179915,325,tsugca,38.5,alive
20250613,4-6,42.537456,-72.179915,326,tsugca,37.7,alive
20250613,4-6,42.537456,-72.179915,327,tsugca,42.8,alive
20250613,4-6,42.537456,-72.179915,328,tsugca,38.1,alive
20250613,4-6,42.537456,-72.179915,329,tsugca,29.6,stressed
20250613,4-6,42.537456,-72.179915,330,tsugca,22.5,alive
20250613,4-6,42.537456,-72.179915,331,ACER,28.5,alive
20250613,4-6,42.537456,-72.179915,332,BETULA,13.9,alive
20250613,4-6,42.537456,-72.179915,333,BETULA,22,alive
20250613,4-6,42.537456,-72.179915,334,tsugca,13.3,dead
20250613,4-6,42.537456,-72.179915,335,tsugca,23.7,dead
20250613,4-6,42.537456,-72.179915,336,piceru,24.7,alive
20250613,4-6,42.537456,-72.179915,337,tsugca,29.9,dead
20250623,5-1,42.536977,-72.184779,492,piceru,19.4,alive
20250623,5-1,42.536977,-72.184779,493,tsugca,49.2,alive
20250623,5-1,42.536977,-72.184779,494,piceru,17.4,alive
20250623,5-1,42.536977,-72.184779,495,tsugca,10.8,alive
20250623,5-1,42.536977,-72.184779,496,tsugca,41.1,dead
20250623,5-1,42.536977,-72.184779,497,acerru,17.8,alive
20250623,5-1,42.536977,-72.184779,498,nysssy,12,alive
20250623,5-1,42.536977,-72.184779,499,betupa,19.8,dead
20250623,5-1,42.536977,-72.184779,500,tsugca,35.5,alive
20250623,5-1,42.536977,-72.184779,501,nysssy,23.2,alive
20250623,5-1,42.536977,-72.184779,502,nysssy,26.1,alive
20250623,5-1,42.536977,-72.184779,503,nysssy,35.9,alive
20250623,5-1,42.536977,-72.184779,504,piceru,15.9,alive
20250623,5-1,42.536977,-72.184779,505,nysssy,35.2,alive
20250623,5-1,42.536977,-72.184779,506,piceru,13.5,alive
20250623,5-1,42.536977,-72.184779,507,acerru,31.8,alive
20250623,5-1,42.536977,-72.184779,508,acerru,28.5,alive
20250623,5-1,42.536977,-72.184779,509,acerru,28.6,alive
20250623,5-1,42.536977,-72.184779,510,tsugca,24.1,dead
20250623,5-1,42.536977,-72.184779,511,betual,18.2,stressed
20250623,5-2,42.536981,-72.184171,473,betupa,19.5,alive
20250623,5-2,42.536981,-72.184171,474,acerru,28.8,alive
20250623,5-2,42.536981,-72.184171,475,tsugca,46.9,alive
20250623,5-2,42.536981,-72.184171,476,tsugca,48.8,alive
20250623,5-2,42.536981,-72.184171,477,tsugca,32.2,alive
20250623,5-2,42.536981,-72.184171,478,tsugca,45.9,alive
20250623,5-2,42.536981,-72.184171,479,acerru,35.2,alive
20250623,5-2,42.536981,-72.184171,480,acerru,24.5,alive
20250623,5-2,42.536981,-72.184171,481,tsugca,37.3,alive
20250623,5-2,42.536981,-72.184171,482,tsugca,26.4,alive
20250623,5-2,42.536981,-72.184171,483,acerru,25.2,alive
20250623,5-2,42.536981,-72.184171,484,tsugca,36,alive
20250623,5-2,42.536981,-72.184171,485,tsugca,60.7,alive
20250623,5-2,42.536981,-72.184171,486,acerru,23.4,alive
20250623,5-2,42.536981,-72.184171,487,tsugca,37.1,alive
20250623,5-2,42.536981,-72.184171,488,tsugca,52.7,alive
20250623,5-2,42.536981,-72.184171,489,tsugca,37.1,alive
20250623,5-2,42.536981,-72.184171,490,piceru,46.3,alive
20250623,5-2,42.536981,-72.184171,491,pinust,38,alive
20250613,5-3,42.536988,-72.182953,215,piceru,26.1,dead
20250613,5-3,42.536988,-72.182953,216,piceru,19.6,alive
20250613,5-3,42.536988,-72.182953,217,acerru,33.5,alive
20250613,5-3,42.536988,-72.182953,218,piceru,24.4,alive
20250613,5-3,42.536988,-72.182953,219,piceru,36.8,alive
20250613,5-3,42.536988,-72.182953,220,piceru,12.8,dead
20250613,5-3,42.536988,-72.182953,221,tsugca,19.1,dead
20250613,5-3,42.536988,-72.182953,222,piceru,15.4,alive
20250613,5-3,42.536988,-72.182953,223,piceru,20.2,dead
20250613,5-3,42.536988,-72.182953,224,nysssy,40,alive
20250613,5-4,42.536992,-72.182345,225,piceru,13.4,alive
20250613,5-4,42.536992,-72.182345,226,piceru,25.7,dead
20250613,5-4,42.536992,-72.182345,227,acerru,23.8,alive
20250613,5-4,42.536992,-72.182345,228,pinust,32.7,dead
20250613,5-4,42.536992,-72.182345,229,pinust,51.4,stressed
20250613,5-4,42.536992,-72.182345,230,ACER,39,alive
20250613,5-4,42.536992,-72.182345,231,piceru,34,stressed
20250613,5-4,42.536992,-72.182345,232,piceru,25.8,alive
20250613,5-4,42.536992,-72.182345,233,piceru,20.6,dead
20250613,5-4,42.536992,-72.182345,234,nysssy,17.8,alive
20250613,5-4,42.536992,-72.182345,235,acerru,17.4,dead
20250613,5-4,42.536992,-72.182345,236,acerru,21.4,alive
20250613,5-4,42.536992,-72.182345,237,piceru,20.7,dead
20250613,5-4,42.536992,-72.182345,238,acerru,40.7,alive
20250613,5-4,42.536992,-72.182345,239,piceru,20.6,dead
20250613,5-4,42.536992,-72.182345,240,piceru,26.7,alive
20250613,5-4,42.536992,-72.182345,241,acerru,27.1,alive
20250613,5-4,42.536992,-72.182345,242,tsugca,41.2,dead
20250613,5-5,42.536995,-72.181736,243,acerru,7.7,alive
20250613,5-5,42.536995,-72.181736,244,acerru,16.7,dead
20250613,5-5,42.536995,-72.181736,245,acerru,13.9,alive
20250613,5-5,42.536995,-72.181736,246,piceru,16.3,dead
20250613,5-5,42.536995,-72.181736,247,piceru,28.9,dead
20250613,5-5,42.536995,-72.181736,248,nysssy,34.4,alive
20250613,5-5,42.536995,-72.181736,249,acerru,27.9,alive
20250613,5-5,42.536995,-72.181736,250,acerru,21,alive
20250613,5-5,42.536995,-72.181736,251,acerru,8.3,alive
20250613,5-5,42.536995,-72.181736,252,piceru,24.2,alive
20250613,5-5,42.536995,-72.181736,253,acerru,23.4,alive
20250623,5-6,42.536999,-72.181128,359,tsugca,35.2,alive
20250623,5-6,42.536999,-72.181128,360,pinust,57.2,alive
20250623,5-6,42.536999,-72.181128,361,tsugca,39.6,alive
20250623,5-6,42.536999,-72.181128,362,tsugca,44.5,alive
20250623,5-6,42.536999,-72.181128,363,tsugca,47.9,alive
20250623,5-6,42.536999,-72.181128,364,acerru,33,alive
20250623,5-6,42.536999,-72.181128,365,tsugca,28.4,alive
20250623,5-6,42.536999,-72.181128,366,tsugca,47.6,dead
20250623,5-6,42.536999,-72.181128,367,tsugca,45.8,alive
20250623,5-6,42.536999,-72.181128,368,tsugca,42.7,alive
20250623,5-6,42.536999,-72.181128,369,acerru,37.8,alive
20250623,5-6,42.536999,-72.181128,370,betule,15.9,alive
20250623,5-6,42.536999,-72.181128,371,queral,40.4,alive
20250623,5-6,42.536999,-72.181128,372,betule,13.1,alive
20250623,5-6,42.536999,-72.181128,373,tsugca,17.7,alive
20250623,5-6,42.536999,-72.181128,374,tsugca,29.8,alive
20250623,5-6,42.536999,-72.181128,375,betule,19,alive
20250623,5-6,42.536999,-72.181128,376,acerru,21.5,alive
20250623,6-1,42.536527,-72.184775,512,acerru,23.5,alive
20250623,6-1,42.536527,-72.184775,513,acerru,23.4,alive
20250623,6-1,42.536527,-72.184775,514,acerru,24.8,alive
20250623,6-1,42.536527,-72.184775,515,acerru,31.9,alive
20250623,6-1,42.536527,-72.184775,516,acerru,31.6,alive
20250623,6-1,42.536527,-72.184775,517,tsugca,26.5,stressed
20250623,6-1,42.536527,-72.184775,518,tsugca,28.8,stressed
20250623,6-1,42.536527,-72.184775,519,acerru,31,alive
20250623,6-1,42.536527,-72.184775,520,acerru,26.9,alive
20250623,6-1,42.536527,-72.184775,521,tsugca,10.6,alive
20250623,6-1,42.536527,-72.184775,522,acerru,10.4,alive
20250623,6-1,42.536527,-72.184775,523,acerru,25.1,alive
20250623,6-1,42.536527,-72.184775,524,pinust,47,alive
20250623,6-1,42.536527,-72.184775,525,betual,11.1,alive
20250623,6-1,42.536527,-72.184775,526,betual,5.7,dead
20250623,6-1,42.536527,-72.184775,527,tsugca,51.2,alive
20250623,6-2,42.536531,-72.184166,528,acerru,27.1,alive
20250623,6-2,42.536531,-72.184166,529,tsugca,52.2,alive
20250623,6-2,42.536531,-72.184166,530,tsugca,17.1,dead
20250623,6-2,42.536531,-72.184166,531,piceru,23.5,alive
20250623,6-2,42.536531,-72.184166,532,tsugca,27.4,alive
20250623,6-2,42.536531,-72.184166,533,nysssy,47.9,alive
20250623,6-2,42.536531,-72.184166,534,tsugca,26.6,alive
20250623,6-2,42.536531,-72.184166,535,tsugca,34.4,alive
20250623,6-2,42.536531,-72.184166,536,piceru,24.7,alive
20250623,6-2,42.536531,-72.184166,537,piceru,28.9,alive
20250623,6-2,42.536531,-72.184166,538,tsugca,52.2,alive
20250623,6-2,42.536531,-72.184166,539,nysssy,42.9,alive
20250623,6-2,42.536531,-72.184166,540,piceru,18.8,alive
20250623,6-2,42.536531,-72.184166,541,piceru,15.6,alive
20250623,6-2,42.536531,-72.184166,542,betual,13.5,alive
20250623,6-2,42.536531,-72.184166,543,acerru,33.6,alive
20250623,6-2,42.536531,-72.184166,544,nysssy,38.8,alive
20250623,6-2,42.536531,-72.184166,545,nysssy,33,alive
20250623,6-2,42.536531,-72.184166,546,tsugca,32.5,alive
20250623,6-2,42.536531,-72.184166,547,nysssy,54.5,alive
20250623,6-2,42.536531,-72.184166,548,tsugca,33.6,alive
20250623,6-3,42.536538,-72.182949,453,tsugca,12.8,stressed
20250623,6-3,42.536538,-72.182949,454,piceru,29,alive
20250623,6-3,42.536538,-72.182949,455,acerru,31.9,alive
20250623,6-3,42.536538,-72.182949,456,tsugca,33.8,alive
20250623,6-3,42.536538,-72.182949,457,acerru,30.1,alive
20250623,6-3,42.536538,-72.182949,458,nysssy,45.1,alive
20250623,6-3,42.536538,-72.182949,459,piceru,29.9,alive
20250623,6-3,42.536538,-72.182949,460,acerru,17.7,alive
20250623,6-3,42.536538,-72.182949,461,piceru,23.6,alive
20250623,6-3,42.536538,-72.182949,462,piceru,31,alive
20250623,6-3,42.536538,-72.182949,463,piceru,30.6,alive
20250623,6-3,42.536538,-72.182949,464,nysssy,26.8,alive
20250623,6-3,42.536538,-72.182949,465,acerru,30,alive
20250623,6-3,42.536538,-72.182949,466,piceru,22.1,alive
20250623,6-3,42.536538,-72.182949,467,pinust,43,dead
20250623,6-3,42.536538,-72.182949,468,tsugca,24.8,alive
20250623,6-3,42.536538,-72.182949,469,tsugca,19.8,dead
20250623,6-3,42.536538,-72.182949,470,acerru,47.9,alive
20250623,6-3,42.536538,-72.182949,471,nysssy,62.9,alive
20250623,6-3,42.536538,-72.182949,472,tsugca,34.7,alive
20250623,6-4,42.536542,-72.18234,437,nysssy,23.7,alive
20250623,6-4,42.536542,-72.18234,438,nysssy,19,alive
20250623,6-4,42.536542,-72.18234,439,piceru,34.4,alive
20250623,6-4,42.536542,-72.18234,440,piceru,20.3,alive
20250623,6-4,42.536542,-72.18234,441,piceru,39.9,alive
20250623,6-4,42.536542,-72.18234,442,piceru,38,alive
20250623,6-4,42.536542,-72.18234,443,tsugca,29.2,dead
20250623,6-4,42.536542,-72.18234,444,tsugca,35.8,dead
20250623,6-4,42.536542,-72.18234,445,acerru,32,alive
20250623,6-4,42.536542,-72.18234,446,piceru,21.1,dead
20250623,6-4,42.536542,-72.18234,447,nysssy,10.2,alive
20250623,6-4,42.536542,-72.18234,448,piceru,37.7,alive
20250623,6-4,42.536542,-72.18234,449,piceru,20.7,alive
20250623,6-4,42.536542,-72.18234,450,piceru,21.8,alive
20250623,6-4,42.536542,-72.18234,451,tsugca,34.7,dead
20250623,6-4,42.536542,-72.18234,452,nysssy,20.1,alive
20250623,6-5,42.536545,-72.181731,377,tsugca,41.6,stressed
20250623,6-5,42.536545,-72.181731,378,tsugca,38.3,dead
20250623,6-5,42.536545,-72.181731,379,piceru,33.9,alive
20250623,6-5,42.536545,-72.181731,380,nysssy,52,alive
20250623,6-5,42.536545,-72.181731,381,tsugca,38.9,alive
20250623,6-5,42.536545,-72.181731,382,tsugca,28,dead
20250623,6-5,42.536545,-72.181731,383,tsugca,35.2,alive
20250623,6-5,42.536545,-72.181731,384,piceru,21.3,alive
20250623,6-5,42.536545,-72.181731,385,acerru,28.7,alive
20250623,6-5,42.536545,-72.181731,386,acerru,21.9,alive
20250623,6-5,42.536545,-72.181731,387,acerru,12.6,alive
20250623,6-5,42.536545,-72.181731,388,tsugca,42.9,dead
20250623,6-5,42.536545,-72.181731,389,acerru,24.8,alive
20250623,6-5,42.536545,-72.181731,390,BETULA,41.1,dead
20250623,6-5,42.536545,-72.181731,391,tsugca,29.5,dead
20250623,6-5,42.536545,-72.181731,392,nysssy,41.1,alive
20250623,6-5,42.536545,-72.181731,393,piceru,25.2,alive
20250626,7-1,42.536081,-72.184161,549,piceru,26.3,alive
20250626,7-1,42.536081,-72.184161,550,piceru,11.2,alive
20250626,7-1,42.536081,-72.184161,551,tsugca,36.9,alive
20250626,7-1,42.536081,-72.184161,552,nysssy,43,alive
20250626,7-1,42.536081,-72.184161,553,tsugca,31,alive
20250626,7-1,42.536081,-72.184161,554,piceru,22.2,alive
20250626,7-1,42.536081,-72.184161,555,nysssy,33.9,alive
20250626,7-1,42.536081,-72.184161,556,nysssy,26.4,alive
20250626,7-1,42.536081,-72.184161,557,tsugca,38.9,alive
20250626,7-1,42.536081,-72.184161,558,BETULA,13.4,alive
20250626,7-1,42.536081,-72.184161,559,pinust,45.6,alive
20250626,7-1,42.536081,-72.184161,560,piceru,22.9,alive
20250626,7-1,42.536081,-72.184161,561,nysssy,43.1,alive
20250626,7-1,42.536081,-72.184161,562,piceru,22.7,alive
20250626,7-2,42.536084,-72.183552,563,piceru,22.6,alive
20250626,7-2,42.536084,-72.183552,564,piceru,36.1,alive
20250626,7-2,42.536084,-72.183552,565,tsugca,23.7,alive
20250626,7-2,42.536084,-72.183552,566,acerru,32.7,alive
20250626,7-2,42.536084,-72.183552,567,nysssy,46.5,alive
20250626,7-2,42.536084,-72.183552,568,nysssy,52.2,alive
20250626,7-2,42.536084,-72.183552,569,piceru,30.7,alive
20250626,7-2,42.536084,-72.183552,570,piceru,16.4,alive
20250626,7-2,42.536084,-72.183552,571,piceru,11.1,alive
20250626,7-2,42.536084,-72.183552,572,piceru,9.8,alive
20250626,7-2,42.536084,-72.183552,573,tsugca,23.8,dead
20250626,7-2,42.536084,-72.183552,574,tsugca,33.6,dead
20250626,7-2,42.536084,-72.183552,575,PICEA,47.8,alive
20250626,7-2,42.536084,-72.183552,576,piceru,16.5,dead
20250626,7-2,42.536084,-72.183552,577,piceru,25.9,alive
20250626,7-2,42.536084,-72.183552,578,nysssy,44.3,alive
20250626,7-2,42.536084,-72.183552,579,tsugca,23.5,alive
20250626,7-2,42.536084,-72.183552,580,piceru,32.9,alive
20250626,7-2,42.536084,-72.183552,581,acerru,35.2,alive
20250626,7-2,42.536084,-72.183552,582,piceru,26.1,alive
20250626,7-3,42.536088,-72.182944,583,nysssy,22.4,alive
20250626,7-3,42.536088,-72.182944,584,nysssy,12,alive
20250626,7-3,42.536088,-72.182944,585,piceru,9.5,dead
20250626,7-3,42.536088,-72.182944,586,piceru,28.8,alive
20250626,7-3,42.536088,-72.182944,587,piceru,42.1,alive
20250626,7-3,42.536088,-72.182944,588,acerru,49.6,alive
20250626,7-3,42.536088,-72.182944,589,tsugca,37.4,alive
20250626,7-3,42.536088,-72.182944,590,piceru,38.8,alive
20250626,7-3,42.536088,-72.182944,591,piceru,31,alive
20250626,7-3,42.536088,-72.182944,592,piceru,18.8,alive
20250626,7-3,42.536088,-72.182944,593,piceru,5.1,dead
20250626,7-3,42.536088,-72.182944,594,tsugca,36.5,dead
20250626,7-3,42.536088,-72.182944,595,nysssy,42.7,alive
20250626,7-3,42.536088,-72.182944,596,piceru,30.4,alive
20250626,7-3,42.536088,-72.182944,597,piceru,29,alive
20250626,7-3,42.536088,-72.182944,598,piceru,43.8,alive
20250626,7-3,42.536088,-72.182944,599,tsugca,13.9,alive
20250626,7-3,42.536088,-72.182944,600,piceru,23.9,alive
20250626,7-3,42.536088,-72.182944,601,tsugca,33.1,alive
20250626,7-3,42.536088,-72.182944,602,nysssy,40.6,alive
20250626,7-3,42.536088,-72.182944,603,nysssy,42,alive
20250626,7-3,42.536088,-72.182944,604,acerru,38.4,alive
20250626,7-3,42.536088,-72.182944,605,tsugca,30.2,dead
20250626,7-3,42.536088,-72.182944,606,nysssy,16.8,alive
20250623,7-4,42.536091,-72.182335,415,piceru,6.5,alive
20250623,7-4,42.536091,-72.182335,416,tsugca,34,dead
20250623,7-4,42.536091,-72.182335,417,pinust,38.2,alive
20250623,7-4,42.536091,-72.182335,418,nysssy,33.5,alive
20250623,7-4,42.536091,-72.182335,419,tsugca,45.2,dead
20250623,7-4,42.536091,-72.182335,420,tsugca,19.6,alive
20250623,7-4,42.536091,-72.182335,421,acerru,24.7,alive
20250623,7-4,42.536091,-72.182335,422,piceru,24.2,alive
20250623,7-4,42.536091,-72.182335,423,tsugca,32.1,alive
20250623,7-4,42.536091,-72.182335,424,acerru,35,alive
20250623,7-4,42.536091,-72.182335,425,tsugca,24.9,alive
20250623,7-4,42.536091,-72.182335,426,piceru,30.1,alive
20250623,7-4,42.536091,-72.182335,427,tsugca,38.8,dead
20250623,7-4,42.536091,-72.182335,428,piceru,31.8,alive
20250623,7-4,42.536091,-72.182335,429,piceru,37.4,alive
20250623,7-4,42.536091,-72.182335,430,tsugca,32.8,dead
20250623,7-4,42.536091,-72.182335,431,nysssy,34.9,alive
20250623,7-4,42.536091,-72.182335,432,betual,20.2,dead
20250623,7-4,42.536091,-72.182335,433,piceru,29.8,alive
20250623,7-4,42.536091,-72.182335,434,tsugca,26.3,stressed
20250623,7-4,42.536091,-72.182335,435,nysssy,41,alive
20250623,7-4,42.536091,-72.182335,436,betule,23.8,alive
20250623,7-5,42.536095,-72.181727,394,pinust,38.7,alive
20250623,7-5,42.536095,-72.181727,395,tsugca,19.2,alive
20250623,7-5,42.536095,-72.181727,396,BETULA,36.8,alive
20250623,7-5,42.536095,-72.181727,397,tsugca,67.3,alive
20250623,7-5,42.536095,-72.181727,398,tsugca,16.9,alive
20250623,7-5,42.536095,-72.181727,399,piceru,23.6,alive
20250623,7-5,42.536095,-72.181727,400,piceru,18.1,alive
20250623,7-5,42.536095,-72.181727,401,piceru,26.6,alive
20250623,7-5,42.536095,-72.181727,402,tsugca,12.5,dead
20250623,7-5,42.536095,-72.181727,403,piceru,20.4,alive
20250623,7-5,42.536095,-72.181727,404,piceru,24.3,alive
20250623,7-5,42.536095,-72.181727,405,tsugca,17.1,alive
20250623,7-5,42.536095,-72.181727,406,tsugca,59,alive
20250623,7-5,42.536095,-72.181727,407,tsugca,34.8,alive
20250623,7-5,42.536095,-72.181727,408,tsugca,36.9,alive
20250623,7-5,42.536095,-72.181727,409,tsugca,12.5,dead
20250623,7-5,42.536095,-72.181727,410,tsugca,10.7,dead
20250623,7-5,42.536095,-72.181727,411,tsugca,11.3,alive
20250623,7-5,42.536095,-72.181727,412,betual,9.9,alive
20250623,7-5,42.536095,-72.181727,413,piceru,21,alive
20250623,7-5,42.536095,-72.181727,414,piceru,27.8,alive
20250626,8-1,42.535627,-72.184765,661,tsugca,23.5,alive
20250626,8-1,42.535627,-72.184765,662,nysssy,46.2,alive
20250626,8-1,42.535627,-72.184765,663,tsugca,37.2,alive
20250626,8-1,42.535627,-72.184765,664,ACER,34.2,alive
20250626,8-1,42.535627,-72.184765,665,piceru,25.4,alive
20250626,8-1,42.535627,-72.184765,666,tsugca,16.2,alive
20250626,8-1,42.535627,-72.184765,667,tsugca,25.6,alive
20250626,8-1,42.535627,-72.184765,668,tsugca,28.5,alive
20250626,8-1,42.535627,-72.184765,669,piceru,31.8,alive
20250626,8-1,42.535627,-72.184765,670,pinust,41.4,alive
20250626,8-1,42.535627,-72.184765,671,piceru,32.6,alive
20250626,8-1,42.535627,-72.184765,672,pinust,50.3,alive
20250626,8-1,42.535627,-72.184765,673,piceru,17.5,stressed
20250626,8-1,42.535627,-72.184765,674,UNK,22,dead
20250626,8-1,42.535627,-72.184765,675,acerru,27.3,stressed
20250626,8-1,42.535627,-72.184765,676,tsugca,29.2,dead
20250626,8-1,42.535627,-72.184765,677,tsugca,39.4,alive
20250626,8-1,42.535627,-72.184765,678,tsugca,32.7,alive
20250626,8-2,42.535631,-72.183156,642,piceru,28.8,alive
20250626,8-2,42.535631,-72.183156,643,piceru,15.6,dead
20250626,8-2,42.535631,-72.183156,644,piceru,20.2,alive
20250626,8-2,42.535631,-72.183156,645,acerru,24.2,alive
20250626,8-2,42.535631,-72.183156,646,tsugca,24.4,alive
20250626,8-2,42.535631,-72.183156,647,tsugca,33.8,alive
20250626,8-2,42.535631,-72.183156,648,piceru,40.8,alive
20250626,8-2,42.535631,-72.183156,649,piceru,26.9,alive
20250626,8-2,42.535631,-72.183156,650,piceru,27,alive
20250626,8-2,42.535631,-72.183156,651,piceru,24.8,alive
20250626,8-2,42.535631,-72.183156,652,tsugca,44.3,alive
20250626,8-2,42.535631,-72.183156,653,betual,11,alive
20250626,8-2,42.535631,-72.183156,654,acerru,17.1,alive
20250626,8-2,42.535631,-72.183156,655,piceru,23.8,alive
20250626,8-2,42.535631,-72.183156,656,piceru,23.4,alive
20250626,8-2,42.535631,-72.183156,657,tsugca,38,alive
20250626,8-2,42.535631,-72.183156,658,acerru,46.2,alive
20250626,8-2,42.535631,-72.183156,659,piceru,23,alive
20250626,8-2,42.535631,-72.183156,660,tsugca,35.9,alive
20250626,8-3,42.535634,-72.183548,623,tsugca,26,alive
20250626,8-3,42.535634,-72.183548,624,nysssy,31,alive
20250626,8-3,42.535634,-72.183548,625,tsugca,32.5,alive
20250626,8-3,42.535634,-72.183548,626,nysssy,18.3,alive
20250626,8-3,42.535634,-72.183548,627,nysssy,47.5,alive
20250626,8-3,42.535634,-72.183548,628,piceru,26,alive
20250626,8-3,42.535634,-72.183548,629,nysssy,45.3,alive
20250626,8-3,42.535634,-72.183548,630,nysssy,34.5,alive
20250626,8-3,42.535634,-72.183548,631,piceru,22.5,alive
20250626,8-3,42.535634,-72.183548,632,piceru,37.2,alive
20250626,8-3,42.535634,-72.183548,633,piceru,19.8,alive
20250626,8-3,42.535634,-72.183548,634,nysssy,45.9,alive
20250626,8-3,42.535634,-72.183548,635,nysssy,48.5,alive
20250626,8-3,42.535634,-72.183548,636,piceru,18.1,alive
20250626,8-3,42.535634,-72.183548,637,tsugca,28,dead
20250626,8-3,42.535634,-72.183548,638,piceru,20,alive
20250626,8-3,42.535634,-72.183548,639,acerru,23,alive
20250626,8-3,42.535634,-72.183548,640,piceru,29,alive
20250626,8-3,42.535634,-72.183548,641,nysssy,41.4,alive
20250626,8-4,42.535638,-72.182939,607,tsugca,20.3,alive
20250626,8-4,42.535638,-72.182939,608,tsugca,12.7,dead
20250626,8-4,42.535638,-72.182939,609,tsugca,12,dead
20250626,8-4,42.535638,-72.182939,610,betual,18,alive
20250626,8-4,42.535638,-72.182939,611,nysssy,24.2,alive
20250626,8-4,42.535638,-72.182939,612,acerru,37.7,alive
20250626,8-4,42.535638,-72.182939,613,acerru,37.2,alive
20250626,8-4,42.535638,-72.182939,614,tsugca,43.9,alive
20250626,8-4,42.535638,-72.182939,615,nysssy,34.9,alive
20250626,8-4,42.535638,-72.182939,616,nysssy,30.7,alive
20250626,8-4,42.535638,-72.182939,617,tsugca,50.7,dead
20250626,8-4,42.535638,-72.182939,618,acerru,31.6,alive
20250626,8-4,42.535638,-72.182939,619,tsugca,29.6,dead
20250626,8-4,42.535638,-72.182939,620,piceru,32.4,alive
20250626,8-4,42.535638,-72.182939,621,acerru,44,alive
20250626,9-1,42.53518,-72.184151,678,tsugca,20.7,stressed
20250626,9-1,42.53518,-72.184151,679,nysssy,31.2,alive
20250626,9-1,42.53518,-72.184151,680,tsugca,16.1,alive
20250626,9-1,42.53518,-72.184151,681,piceru,30.2,alive
20250626,9-1,42.53518,-72.184151,682,tsugca,19.9,alive
20250626,9-1,42.53518,-72.184151,683,ACER,35.9,alive
20250626,9-1,42.53518,-72.184151,684,betual,8.8,alive
20250626,9-1,42.53518,-72.184151,685,tsugca,20.6,alive
20250626,9-1,42.53518,-72.184151,686,betual,10.5,alive
20250626,9-1,42.53518,-72.184151,687,piceru,27.9,alive
20250626,9-1,42.53518,-72.184151,688,UNK,35,dead
20250626,9-1,42.53518,-72.184151,689,tsugca,28.3,alive
20250626,9-1,42.53518,-72.184151,690,tsugca,33.3,alive
20250626,9-1,42.53518,-72.184151,691,tsugca,34.5,alive
20250626,9-1,42.53518,-72.184151,692,piceru,31,alive
20250626,9-1,42.53518,-72.184151,693,piceru,37.3,alive
20250626,9-1,42.53518,-72.184151,694,tsugca,31.4,alive
20250626,9-1,42.53518,-72.184151,695,tsugca,35.9,stressed
